eps1,eps2,min_samples1,min_samples2,metric1,metric2,leaf_size1,leaf_size2,p1,p2,Top-1 Accuracy,Top-2 Accuracy,Images Processed
20,35,2,2,euclidean,euclidean,30,30,,,70.59,86.55,119
34,23,1,2,euclidean,euclidean,30,30,,,61.34,86.55,119
23,35,2,2,euclidean,euclidean,30,30,,,70.59,86.55,119
23,35,2,1,euclidean,euclidean,30,30,,,70.59,86.55,119
23,34,2,2,euclidean,euclidean,30,30,,,70.59,86.55,119
23,34,2,1,euclidean,euclidean,30,30,,,70.59,86.55,119
21,34,2,2,euclidean,euclidean,30,30,,,70.59,86.55,119
21,35,2,1,euclidean,euclidean,30,30,,,70.59,86.55,119
21,35,2,2,euclidean,euclidean,30,30,,,70.59,86.55,119
35,20,1,2,euclidean,euclidean,30,30,,,65.55,86.55,119
35,20,2,2,euclidean,euclidean,30,30,,,79.83,86.55,119
35,21,2,2,euclidean,euclidean,30,30,,,79.83,86.55,119
35,22,2,2,euclidean,euclidean,30,30,,,79.83,86.55,119
35,23,2,2,euclidean,euclidean,30,30,,,79.83,86.55,119
34,23,2,2,euclidean,euclidean,30,30,,,76.47,86.55,119
34,22,2,2,euclidean,euclidean,30,30,,,76.47,86.55,119
34,21,2,2,euclidean,euclidean,30,30,,,76.47,86.55,119
35,21,1,2,euclidean,euclidean,30,30,,,65.55,86.55,119
21,34,2,1,euclidean,euclidean,30,30,,,70.59,86.55,119
34,22,1,2,euclidean,euclidean,30,30,,,61.34,86.55,119
34,21,1,2,euclidean,euclidean,30,30,,,61.34,86.55,119
20,35,2,1,euclidean,euclidean,30,30,,,70.59,86.55,119
20,34,2,2,euclidean,euclidean,30,30,,,70.59,86.55,119
20,34,2,1,euclidean,euclidean,30,30,,,70.59,86.55,119
22,34,2,1,euclidean,euclidean,30,30,,,70.59,86.55,119
22,34,2,2,euclidean,euclidean,30,30,,,70.59,86.55,119
22,35,2,1,euclidean,euclidean,30,30,,,70.59,86.55,119
22,35,2,2,euclidean,euclidean,30,30,,,70.59,86.55,119
34,20,2,2,euclidean,euclidean,30,30,,,76.47,86.55,119
35,23,1,2,euclidean,euclidean,30,30,,,65.55,86.55,119
35,22,1,2,euclidean,euclidean,30,30,,,65.55,86.55,119
34,20,1,2,euclidean,euclidean,30,30,,,61.34,86.55,119
22,33,2,1,euclidean,euclidean,30,30,,,70.59,85.71,119
22,32,2,2,euclidean,euclidean,30,30,,,70.59,85.71,119
22,30,2,1,euclidean,euclidean,30,30,,,70.59,85.71,119
22,29,2,1,euclidean,euclidean,30,30,,,70.59,85.71,119
22,32,2,1,euclidean,euclidean,30,30,,,70.59,85.71,119
22,31,2,2,euclidean,euclidean,30,30,,,70.59,85.71,119
22,31,2,1,euclidean,euclidean,30,30,,,70.59,85.71,119
35,24,2,2,euclidean,euclidean,30,30,,,79.83,85.71,119
26,34,2,1,euclidean,euclidean,30,30,,,73.11,85.71,119
22,30,2,2,euclidean,euclidean,30,30,,,70.59,85.71,119
22,29,2,2,euclidean,euclidean,30,30,,,70.59,85.71,119
35,25,2,2,euclidean,euclidean,30,30,,,79.83,85.71,119
21,32,2,2,euclidean,euclidean,30,30,,,70.59,85.71,119
36,23,2,2,euclidean,euclidean,30,30,,,80.67,85.71,119
36,22,2,2,euclidean,euclidean,30,30,,,80.67,85.71,119
36,21,2,2,euclidean,euclidean,30,30,,,80.67,85.71,119
36,20,2,2,euclidean,euclidean,30,30,,,80.67,85.71,119
29,20,2,2,euclidean,euclidean,30,30,,,78.99,85.71,119
21,29,2,1,euclidean,euclidean,30,30,,,70.59,85.71,119
21,29,2,2,euclidean,euclidean,30,30,,,70.59,85.71,119
21,30,2,1,euclidean,euclidean,30,30,,,70.59,85.71,119
21,30,2,2,euclidean,euclidean,30,30,,,70.59,85.71,119
21,31,2,1,euclidean,euclidean,30,30,,,70.59,85.71,119
21,31,2,2,euclidean,euclidean,30,30,,,70.59,85.71,119
21,32,2,1,euclidean,euclidean,30,30,,,70.59,85.71,119
21,33,2,1,euclidean,euclidean,30,30,,,70.59,85.71,119
26,34,2,2,euclidean,euclidean,30,30,,,73.11,85.71,119
21,33,2,2,euclidean,euclidean,30,30,,,70.59,85.71,119
21,36,2,1,euclidean,euclidean,30,30,,,70.59,85.71,119
21,36,2,2,euclidean,euclidean,30,30,,,70.59,85.71,119
29,21,2,2,euclidean,euclidean,30,30,,,78.99,85.71,119
29,22,2,2,euclidean,euclidean,30,30,,,78.99,85.71,119
29,23,2,2,euclidean,euclidean,30,30,,,78.99,85.71,119
36,23,1,2,euclidean,euclidean,30,30,,,66.39,85.71,119
36,21,1,2,euclidean,euclidean,30,30,,,66.39,85.71,119
22,33,2,2,euclidean,euclidean,30,30,,,70.59,85.71,119
26,35,2,2,euclidean,euclidean,30,30,,,73.11,85.71,119
26,35,2,1,euclidean,euclidean,30,30,,,73.11,85.71,119
35,26,2,2,euclidean,euclidean,30,30,,,79.83,85.71,119
36,20,1,2,euclidean,euclidean,30,30,,,66.39,85.71,119
35,25,1,2,euclidean,euclidean,30,30,,,65.55,85.71,119
22,36,2,1,euclidean,euclidean,30,30,,,70.59,85.71,119
33,20,1,2,euclidean,euclidean,30,30,,,60.5,85.71,119
23,32,2,1,euclidean,euclidean,30,30,,,70.59,85.71,119
23,32,2,2,euclidean,euclidean,30,30,,,70.59,85.71,119
23,33,2,1,euclidean,euclidean,30,30,,,70.59,85.71,119
23,33,2,2,euclidean,euclidean,30,30,,,70.59,85.71,119
23,36,2,1,euclidean,euclidean,30,30,,,70.59,85.71,119
23,36,2,2,euclidean,euclidean,30,30,,,70.59,85.71,119
25,34,2,2,euclidean,euclidean,30,30,,,68.91,85.71,119
25,35,2,1,euclidean,euclidean,30,30,,,68.91,85.71,119
25,35,2,2,euclidean,euclidean,30,30,,,68.91,85.71,119
33,21,1,2,euclidean,euclidean,30,30,,,60.5,85.71,119
23,31,2,1,euclidean,euclidean,30,30,,,70.59,85.71,119
33,22,1,2,euclidean,euclidean,30,30,,,60.5,85.71,119
31,20,1,2,euclidean,euclidean,30,30,,,56.3,85.71,119
31,21,1,2,euclidean,euclidean,30,30,,,56.3,85.71,119
31,22,1,2,euclidean,euclidean,30,30,,,56.3,85.71,119
33,23,1,2,euclidean,euclidean,30,30,,,60.5,85.71,119
33,23,2,2,euclidean,euclidean,30,30,,,75.63,85.71,119
33,22,2,2,euclidean,euclidean,30,30,,,75.63,85.71,119
33,21,2,2,euclidean,euclidean,30,30,,,75.63,85.71,119
33,20,2,2,euclidean,euclidean,30,30,,,75.63,85.71,119
23,31,2,2,euclidean,euclidean,30,30,,,70.59,85.71,119
23,30,2,2,euclidean,euclidean,30,30,,,70.59,85.71,119
22,36,2,2,euclidean,euclidean,30,30,,,70.59,85.71,119
34,25,2,2,euclidean,euclidean,30,30,,,76.47,85.71,119
35,26,1,2,euclidean,euclidean,30,30,,,65.55,85.71,119
29,23,1,2,euclidean,euclidean,30,30,,,55.46,85.71,119
35,24,1,2,euclidean,euclidean,30,30,,,65.55,85.71,119
30,20,1,2,euclidean,euclidean,30,30,,,55.46,85.71,119
30,21,1,2,euclidean,euclidean,30,30,,,55.46,85.71,119
30,22,1,2,euclidean,euclidean,30,30,,,55.46,85.71,119
30,23,1,2,euclidean,euclidean,30,30,,,55.46,85.71,119
30,20,2,2,euclidean,euclidean,30,30,,,78.15,85.71,119
34,26,2,2,euclidean,euclidean,30,30,,,76.47,85.71,119
34,24,2,2,euclidean,euclidean,30,30,,,76.47,85.71,119
23,30,2,1,euclidean,euclidean,30,30,,,70.59,85.71,119
30,21,2,2,euclidean,euclidean,30,30,,,78.15,85.71,119
30,22,2,2,euclidean,euclidean,30,30,,,78.15,85.71,119
30,23,2,2,euclidean,euclidean,30,30,,,78.15,85.71,119
34,26,1,2,euclidean,euclidean,30,30,,,61.34,85.71,119
34,25,1,2,euclidean,euclidean,30,30,,,61.34,85.71,119
34,24,1,2,euclidean,euclidean,30,30,,,61.34,85.71,119
25,34,2,1,euclidean,euclidean,30,30,,,68.91,85.71,119
23,29,2,1,euclidean,euclidean,30,30,,,70.59,85.71,119
23,29,2,2,euclidean,euclidean,30,30,,,70.59,85.71,119
24,34,2,1,euclidean,euclidean,30,30,,,69.75,85.71,119
36,22,1,2,euclidean,euclidean,30,30,,,66.39,85.71,119
20,29,2,1,euclidean,euclidean,30,30,,,70.59,85.71,119
20,30,2,1,euclidean,euclidean,30,30,,,70.59,85.71,119
32,22,2,2,euclidean,euclidean,30,30,,,75.63,85.71,119
32,22,1,2,euclidean,euclidean,30,30,,,57.98,85.71,119
31,23,1,2,euclidean,euclidean,30,30,,,56.3,85.71,119
32,23,2,2,euclidean,euclidean,30,30,,,75.63,85.71,119
31,21,2,2,euclidean,euclidean,30,30,,,77.31,85.71,119
31,20,2,2,euclidean,euclidean,30,30,,,77.31,85.71,119
32,21,1,2,euclidean,euclidean,30,30,,,57.98,85.71,119
31,22,2,2,euclidean,euclidean,30,30,,,77.31,85.71,119
32,20,1,2,euclidean,euclidean,30,30,,,57.98,85.71,119
31,23,2,2,euclidean,euclidean,30,30,,,77.31,85.71,119
20,30,2,2,euclidean,euclidean,30,30,,,70.59,85.71,119
32,20,2,2,euclidean,euclidean,30,30,,,75.63,85.71,119
29,20,1,2,euclidean,euclidean,30,30,,,55.46,85.71,119
20,31,2,1,euclidean,euclidean,30,30,,,70.59,85.71,119
32,21,2,2,euclidean,euclidean,30,30,,,75.63,85.71,119
29,21,1,2,euclidean,euclidean,30,30,,,55.46,85.71,119
20,31,2,2,euclidean,euclidean,30,30,,,70.59,85.71,119
20,32,2,1,euclidean,euclidean,30,30,,,70.59,85.71,119
20,32,2,2,euclidean,euclidean,30,30,,,70.59,85.71,119
24,35,2,2,euclidean,euclidean,30,30,,,69.75,85.71,119
20,33,2,1,euclidean,euclidean,30,30,,,70.59,85.71,119
29,22,1,2,euclidean,euclidean,30,30,,,55.46,85.71,119
20,33,2,2,euclidean,euclidean,30,30,,,70.59,85.71,119
24,35,2,1,euclidean,euclidean,30,30,,,69.75,85.71,119
20,36,2,1,euclidean,euclidean,30,30,,,70.59,85.71,119
24,34,2,2,euclidean,euclidean,30,30,,,69.75,85.71,119
20,36,2,2,euclidean,euclidean,30,30,,,70.59,85.71,119
20,29,2,2,euclidean,euclidean,30,30,,,70.59,85.71,119
32,23,1,2,euclidean,euclidean,30,30,,,57.98,85.71,119
36,25,2,2,euclidean,euclidean,30,30,,,80.67,84.87,119
20,28,2,1,euclidean,euclidean,30,30,,,70.59,84.87,119
38,23,2,2,euclidean,euclidean,30,30,,,77.31,84.87,119
38,22,2,2,euclidean,euclidean,30,30,,,77.31,84.87,119
30,24,1,2,euclidean,euclidean,30,30,,,55.46,84.87,119
30,25,1,2,euclidean,euclidean,30,30,,,55.46,84.87,119
20,28,2,2,euclidean,euclidean,30,30,,,70.59,84.87,119
30,26,1,2,euclidean,euclidean,30,30,,,55.46,84.87,119
25,33,2,1,euclidean,euclidean,30,30,,,68.91,84.87,119
38,20,2,2,euclidean,euclidean,30,30,,,77.31,84.87,119
38,21,2,2,euclidean,euclidean,30,30,,,77.31,84.87,119
26,29,2,1,euclidean,euclidean,30,30,,,73.11,84.87,119
25,32,2,2,euclidean,euclidean,30,30,,,68.91,84.87,119
25,32,2,1,euclidean,euclidean,30,30,,,68.91,84.87,119
25,31,2,2,euclidean,euclidean,30,30,,,68.91,84.87,119
25,31,2,1,euclidean,euclidean,30,30,,,68.91,84.87,119
32,26,1,2,euclidean,euclidean,30,30,,,57.98,84.87,119
26,29,2,2,euclidean,euclidean,30,30,,,73.11,84.87,119
26,30,2,1,euclidean,euclidean,30,30,,,73.11,84.87,119
26,30,2,2,euclidean,euclidean,30,30,,,73.11,84.87,119
29,24,1,2,euclidean,euclidean,30,30,,,55.46,84.87,119
22,38,2,2,euclidean,euclidean,30,30,,,70.59,84.87,119
22,38,2,1,euclidean,euclidean,30,30,,,70.59,84.87,119
22,37,2,2,euclidean,euclidean,30,30,,,70.59,84.87,119
22,37,2,1,euclidean,euclidean,30,30,,,70.59,84.87,119
20,37,2,1,euclidean,euclidean,30,30,,,70.59,84.87,119
25,33,2,2,euclidean,euclidean,30,30,,,68.91,84.87,119
30,25,2,2,euclidean,euclidean,30,30,,,78.15,84.87,119
32,25,1,2,euclidean,euclidean,30,30,,,57.98,84.87,119
31,26,2,2,euclidean,euclidean,30,30,,,77.31,84.87,119
38,20,1,2,euclidean,euclidean,30,30,,,65.55,84.87,119
38,21,1,2,euclidean,euclidean,30,30,,,65.55,84.87,119
38,22,1,2,euclidean,euclidean,30,30,,,65.55,84.87,119
38,23,1,2,euclidean,euclidean,30,30,,,65.55,84.87,119
25,36,2,1,euclidean,euclidean,30,30,,,68.91,84.87,119
39,23,1,2,euclidean,euclidean,30,30,,,65.55,84.87,119
31,24,2,2,euclidean,euclidean,30,30,,,77.31,84.87,119
31,25,2,2,euclidean,euclidean,30,30,,,77.31,84.87,119
33,24,1,2,euclidean,euclidean,30,30,,,60.5,84.87,119
23,39,2,1,euclidean,euclidean,30,30,,,70.59,84.87,119
33,26,2,2,euclidean,euclidean,30,30,,,75.63,84.87,119
33,25,2,2,euclidean,euclidean,30,30,,,75.63,84.87,119
33,24,2,2,euclidean,euclidean,30,30,,,75.63,84.87,119
28,23,2,2,euclidean,euclidean,30,30,,,78.99,84.87,119
28,22,2,2,euclidean,euclidean,30,30,,,78.99,84.87,119
28,21,2,2,euclidean,euclidean,30,30,,,78.99,84.87,119
28,20,2,2,euclidean,euclidean,30,30,,,78.99,84.87,119
25,36,2,2,euclidean,euclidean,30,30,,,68.91,84.87,119
23,39,2,2,euclidean,euclidean,30,30,,,70.59,84.87,119
23,38,2,2,euclidean,euclidean,30,30,,,70.59,84.87,119
37,20,2,2,euclidean,euclidean,30,30,,,78.99,84.87,119
23,28,2,2,euclidean,euclidean,30,30,,,70.59,84.87,119
37,21,2,2,euclidean,euclidean,30,30,,,78.99,84.87,119
37,22,2,2,euclidean,euclidean,30,30,,,78.99,84.87,119
37,23,2,2,euclidean,euclidean,30,30,,,78.99,84.87,119
30,24,2,2,euclidean,euclidean,30,30,,,78.15,84.87,119
20,38,2,1,euclidean,euclidean,30,30,,,70.59,84.87,119
32,24,1,2,euclidean,euclidean,30,30,,,57.98,84.87,119
30,26,2,2,euclidean,euclidean,30,30,,,78.15,84.87,119
23,28,2,1,euclidean,euclidean,30,30,,,70.59,84.87,119
28,20,1,2,euclidean,euclidean,30,30,,,52.94,84.87,119
23,38,2,1,euclidean,euclidean,30,30,,,70.59,84.87,119
31,24,1,2,euclidean,euclidean,30,30,,,56.3,84.87,119
28,21,1,2,euclidean,euclidean,30,30,,,52.94,84.87,119
28,22,1,2,euclidean,euclidean,30,30,,,52.94,84.87,119
31,25,1,2,euclidean,euclidean,30,30,,,56.3,84.87,119
28,23,1,2,euclidean,euclidean,30,30,,,52.94,84.87,119
31,26,1,2,euclidean,euclidean,30,30,,,56.3,84.87,119
23,37,2,1,euclidean,euclidean,30,30,,,70.59,84.87,119
23,37,2,2,euclidean,euclidean,30,30,,,70.59,84.87,119
20,37,2,2,euclidean,euclidean,30,30,,,70.59,84.87,119
33,25,1,2,euclidean,euclidean,30,30,,,60.5,84.87,119
20,38,2,2,euclidean,euclidean,30,30,,,70.59,84.87,119
26,36,2,2,euclidean,euclidean,30,30,,,73.11,84.87,119
24,36,2,1,euclidean,euclidean,30,30,,,69.75,84.87,119
24,29,2,1,euclidean,euclidean,30,30,,,69.75,84.87,119
24,36,2,2,euclidean,euclidean,30,30,,,69.75,84.87,119
24,30,2,1,euclidean,euclidean,30,30,,,69.75,84.87,119
24,30,2,2,euclidean,euclidean,30,30,,,69.75,84.87,119
24,31,2,1,euclidean,euclidean,30,30,,,69.75,84.87,119
24,31,2,2,euclidean,euclidean,30,30,,,69.75,84.87,119
25,29,2,2,euclidean,euclidean,30,30,,,68.91,84.87,119
39,23,2,2,euclidean,euclidean,30,30,,,76.47,84.87,119
32,24,2,2,euclidean,euclidean,30,30,,,75.63,84.87,119
33,26,1,2,euclidean,euclidean,30,30,,,60.5,84.87,119
32,25,2,2,euclidean,euclidean,30,30,,,75.63,84.87,119
36,24,1,2,euclidean,euclidean,30,30,,,66.39,84.87,119
36,25,1,2,euclidean,euclidean,30,30,,,66.39,84.87,119
36,26,1,2,euclidean,euclidean,30,30,,,66.39,84.87,119
24,32,2,1,euclidean,euclidean,30,30,,,69.75,84.87,119
24,32,2,2,euclidean,euclidean,30,30,,,69.75,84.87,119
24,33,2,1,euclidean,euclidean,30,30,,,69.75,84.87,119
25,30,2,2,euclidean,euclidean,30,30,,,68.91,84.87,119
29,26,2,2,euclidean,euclidean,30,30,,,78.99,84.87,119
29,25,2,2,euclidean,euclidean,30,30,,,78.99,84.87,119
29,24,2,2,euclidean,euclidean,30,30,,,78.99,84.87,119
21,37,2,1,euclidean,euclidean,30,30,,,70.59,84.87,119
21,37,2,2,euclidean,euclidean,30,30,,,70.59,84.87,119
21,38,2,1,euclidean,euclidean,30,30,,,70.59,84.87,119
32,26,2,2,euclidean,euclidean,30,30,,,75.63,84.87,119
25,30,2,1,euclidean,euclidean,30,30,,,68.91,84.87,119
21,28,2,2,euclidean,euclidean,30,30,,,70.59,84.87,119
24,29,2,2,euclidean,euclidean,30,30,,,69.75,84.87,119
21,38,2,2,euclidean,euclidean,30,30,,,70.59,84.87,119
26,32,2,1,euclidean,euclidean,30,30,,,73.11,84.87,119
26,33,2,2,euclidean,euclidean,30,30,,,73.11,84.87,119
37,22,1,2,euclidean,euclidean,30,30,,,65.55,84.87,119
29,25,1,2,euclidean,euclidean,30,30,,,55.46,84.87,119
25,29,2,1,euclidean,euclidean,30,30,,,68.91,84.87,119
26,33,2,1,euclidean,euclidean,30,30,,,73.11,84.87,119
37,21,1,2,euclidean,euclidean,30,30,,,65.55,84.87,119
29,26,1,2,euclidean,euclidean,30,30,,,55.46,84.87,119
36,26,2,2,euclidean,euclidean,30,30,,,80.67,84.87,119
37,20,1,2,euclidean,euclidean,30,30,,,65.55,84.87,119
24,33,2,2,euclidean,euclidean,30,30,,,69.75,84.87,119
26,32,2,2,euclidean,euclidean,30,30,,,73.11,84.87,119
37,23,1,2,euclidean,euclidean,30,30,,,65.55,84.87,119
26,31,2,1,euclidean,euclidean,30,30,,,73.11,84.87,119
26,36,2,1,euclidean,euclidean,30,30,,,73.11,84.87,119
22,28,2,1,euclidean,euclidean,30,30,,,70.59,84.87,119
21,28,2,1,euclidean,euclidean,30,30,,,70.59,84.87,119
22,28,2,2,euclidean,euclidean,30,30,,,70.59,84.87,119
26,31,2,2,euclidean,euclidean,30,30,,,73.11,84.87,119
36,24,2,2,euclidean,euclidean,30,30,,,80.67,84.87,119
24,39,2,2,euclidean,euclidean,30,30,,,69.75,84.03,119
28,24,1,2,euclidean,euclidean,30,30,,,52.94,84.03,119
24,39,2,1,euclidean,euclidean,30,30,,,69.75,84.03,119
25,37,2,1,euclidean,euclidean,30,30,,,68.91,84.03,119
25,38,2,1,euclidean,euclidean,30,30,,,68.91,84.03,119
25,37,2,2,euclidean,euclidean,30,30,,,68.91,84.03,119
28,35,2,2,euclidean,euclidean,30,30,,,78.99,84.03,119
28,35,2,1,euclidean,euclidean,30,30,,,78.99,84.03,119
25,38,2,2,euclidean,euclidean,30,30,,,68.91,84.03,119
28,34,2,1,euclidean,euclidean,30,30,,,78.99,84.03,119
28,34,2,2,euclidean,euclidean,30,30,,,78.99,84.03,119
25,39,2,1,euclidean,euclidean,30,30,,,68.91,84.03,119
24,38,2,2,euclidean,euclidean,30,30,,,69.75,84.03,119
25,39,2,2,euclidean,euclidean,30,30,,,68.91,84.03,119
39,26,1,2,euclidean,euclidean,30,30,,,65.55,84.03,119
28,24,2,2,euclidean,euclidean,30,30,,,78.99,84.03,119
28,39,2,2,euclidean,euclidean,30,30,,,78.99,84.03,119
28,39,2,1,euclidean,euclidean,30,30,,,78.99,84.03,119
39,25,1,2,euclidean,euclidean,30,30,,,65.55,84.03,119
38,26,1,2,euclidean,euclidean,30,30,,,65.55,84.03,119
39,24,1,2,euclidean,euclidean,30,30,,,65.55,84.03,119
21,39,2,1,euclidean,euclidean,30,30,,,70.59,84.03,119
38,24,2,2,euclidean,euclidean,30,30,,,77.31,84.03,119
38,25,2,2,euclidean,euclidean,30,30,,,77.31,84.03,119
38,26,2,2,euclidean,euclidean,30,30,,,77.31,84.03,119
24,37,2,1,euclidean,euclidean,30,30,,,69.75,84.03,119
39,22,1,2,euclidean,euclidean,30,30,,,65.55,84.03,119
24,37,2,2,euclidean,euclidean,30,30,,,69.75,84.03,119
38,25,1,2,euclidean,euclidean,30,30,,,65.55,84.03,119
38,24,1,2,euclidean,euclidean,30,30,,,65.55,84.03,119
39,21,1,2,euclidean,euclidean,30,30,,,65.55,84.03,119
24,38,2,1,euclidean,euclidean,30,30,,,69.75,84.03,119
34,27,1,2,euclidean,euclidean,30,30,,,61.34,84.03,119
21,39,2,2,euclidean,euclidean,30,30,,,70.59,84.03,119
39,28,2,2,euclidean,euclidean,30,30,,,76.47,84.03,119
26,39,2,1,euclidean,euclidean,30,30,,,73.11,84.03,119
26,38,2,2,euclidean,euclidean,30,30,,,73.11,84.03,119
26,38,2,1,euclidean,euclidean,30,30,,,73.11,84.03,119
26,37,2,2,euclidean,euclidean,30,30,,,73.11,84.03,119
26,37,2,1,euclidean,euclidean,30,30,,,73.11,84.03,119
35,27,1,2,euclidean,euclidean,30,30,,,65.55,84.03,119
35,28,1,2,euclidean,euclidean,30,30,,,65.55,84.03,119
39,20,2,2,euclidean,euclidean,30,30,,,76.47,84.03,119
35,28,2,2,euclidean,euclidean,30,30,,,79.83,84.03,119
35,27,2,2,euclidean,euclidean,30,30,,,79.83,84.03,119
39,21,2,2,euclidean,euclidean,30,30,,,76.47,84.03,119
24,28,2,1,euclidean,euclidean,30,30,,,69.75,84.03,119
39,22,2,2,euclidean,euclidean,30,30,,,76.47,84.03,119
22,39,2,1,euclidean,euclidean,30,30,,,70.59,84.03,119
37,24,1,2,euclidean,euclidean,30,30,,,65.55,84.03,119
37,25,1,2,euclidean,euclidean,30,30,,,65.55,84.03,119
37,26,1,2,euclidean,euclidean,30,30,,,65.55,84.03,119
24,28,2,2,euclidean,euclidean,30,30,,,69.75,84.03,119
20,39,2,2,euclidean,euclidean,30,30,,,70.59,84.03,119
39,28,1,2,euclidean,euclidean,30,30,,,65.55,84.03,119
26,39,2,2,euclidean,euclidean,30,30,,,73.11,84.03,119
39,25,2,2,euclidean,euclidean,30,30,,,76.47,84.03,119
39,20,1,2,euclidean,euclidean,30,30,,,65.55,84.03,119
27,39,2,2,euclidean,euclidean,30,30,,,73.95,84.03,119
39,27,2,2,euclidean,euclidean,30,30,,,76.47,84.03,119
27,39,2,1,euclidean,euclidean,30,30,,,73.95,84.03,119
39,26,2,2,euclidean,euclidean,30,30,,,76.47,84.03,119
37,26,2,2,euclidean,euclidean,30,30,,,78.99,84.03,119
37,25,2,2,euclidean,euclidean,30,30,,,78.99,84.03,119
37,24,2,2,euclidean,euclidean,30,30,,,78.99,84.03,119
20,39,2,1,euclidean,euclidean,30,30,,,70.59,84.03,119
34,28,1,2,euclidean,euclidean,30,30,,,61.34,84.03,119
22,39,2,2,euclidean,euclidean,30,30,,,70.59,84.03,119
39,24,2,2,euclidean,euclidean,30,30,,,76.47,84.03,119
39,27,1,2,euclidean,euclidean,30,30,,,65.55,84.03,119
27,35,2,2,euclidean,euclidean,30,30,,,73.95,84.03,119
27,35,2,1,euclidean,euclidean,30,30,,,73.95,84.03,119
27,34,2,2,euclidean,euclidean,30,30,,,73.95,84.03,119
34,27,2,2,euclidean,euclidean,30,30,,,76.47,84.03,119
34,28,2,2,euclidean,euclidean,30,30,,,76.47,84.03,119
27,34,2,1,euclidean,euclidean,30,30,,,73.95,84.03,119
25,28,2,2,euclidean,euclidean,30,30,,,68.91,83.19,119
25,28,2,1,euclidean,euclidean,30,30,,,68.91,83.19,119
31,27,1,2,euclidean,euclidean,30,30,,,56.3,83.19,119
32,27,2,2,euclidean,euclidean,30,30,,,75.63,83.19,119
32,27,1,2,euclidean,euclidean,30,30,,,57.98,83.19,119
31,27,2,2,euclidean,euclidean,30,30,,,77.31,83.19,119
33,27,1,2,euclidean,euclidean,30,30,,,60.5,83.19,119
27,30,2,1,euclidean,euclidean,30,30,,,73.95,83.19,119
27,33,2,1,euclidean,euclidean,30,30,,,73.95,83.19,119
27,32,2,2,euclidean,euclidean,30,30,,,73.95,83.19,119
27,32,2,1,euclidean,euclidean,30,30,,,73.95,83.19,119
27,31,2,2,euclidean,euclidean,30,30,,,73.95,83.19,119
27,31,2,1,euclidean,euclidean,30,30,,,73.95,83.19,119
27,30,2,2,euclidean,euclidean,30,30,,,73.95,83.19,119
27,29,2,2,euclidean,euclidean,30,30,,,73.95,83.19,119
28,38,2,1,euclidean,euclidean,30,30,,,78.99,83.19,119
27,29,2,1,euclidean,euclidean,30,30,,,73.95,83.19,119
28,33,2,1,euclidean,euclidean,30,30,,,78.99,83.19,119
28,33,2,2,euclidean,euclidean,30,30,,,78.99,83.19,119
28,36,2,1,euclidean,euclidean,30,30,,,78.99,83.19,119
33,28,1,2,euclidean,euclidean,30,30,,,60.5,83.19,119
28,37,2,1,euclidean,euclidean,30,30,,,78.99,83.19,119
37,27,1,2,euclidean,euclidean,30,30,,,65.55,83.19,119
37,28,1,2,euclidean,euclidean,30,30,,,65.55,83.19,119
27,33,2,2,euclidean,euclidean,30,30,,,73.95,83.19,119
27,36,2,1,euclidean,euclidean,30,30,,,73.95,83.19,119
27,36,2,2,euclidean,euclidean,30,30,,,73.95,83.19,119
27,37,2,1,euclidean,euclidean,30,30,,,73.95,83.19,119
27,37,2,2,euclidean,euclidean,30,30,,,73.95,83.19,119
27,38,2,1,euclidean,euclidean,30,30,,,73.95,83.19,119
37,27,2,2,euclidean,euclidean,30,30,,,78.99,83.19,119
27,38,2,2,euclidean,euclidean,30,30,,,73.95,83.19,119
37,28,2,2,euclidean,euclidean,30,30,,,78.99,83.19,119
28,25,1,2,euclidean,euclidean,30,30,,,52.94,83.19,119
28,26,1,2,euclidean,euclidean,30,30,,,52.94,83.19,119
38,27,1,2,euclidean,euclidean,30,30,,,65.55,83.19,119
38,28,1,2,euclidean,euclidean,30,30,,,65.55,83.19,119
28,26,2,2,euclidean,euclidean,30,30,,,78.99,83.19,119
28,25,2,2,euclidean,euclidean,30,30,,,78.99,83.19,119
28,37,2,2,euclidean,euclidean,30,30,,,78.99,83.19,119
28,36,2,2,euclidean,euclidean,30,30,,,78.99,83.19,119
28,38,2,2,euclidean,euclidean,30,30,,,78.99,83.19,119
36,28,1,2,euclidean,euclidean,30,30,,,66.39,83.19,119
33,27,2,2,euclidean,euclidean,30,30,,,75.63,83.19,119
33,28,2,2,euclidean,euclidean,30,30,,,75.63,83.19,119
30,27,2,2,euclidean,euclidean,30,30,,,78.15,83.19,119
30,27,1,2,euclidean,euclidean,30,30,,,55.46,83.19,119
26,28,2,2,euclidean,euclidean,30,30,,,73.11,83.19,119
36,27,1,2,euclidean,euclidean,30,30,,,66.39,83.19,119
26,28,2,1,euclidean,euclidean,30,30,,,73.11,83.19,119
36,27,2,2,euclidean,euclidean,30,30,,,80.67,83.19,119
38,27,2,2,euclidean,euclidean,30,30,,,77.31,83.19,119
36,28,2,2,euclidean,euclidean,30,30,,,80.67,83.19,119
29,27,2,2,euclidean,euclidean,30,30,,,78.99,83.19,119
29,27,1,2,euclidean,euclidean,30,30,,,55.46,83.19,119
38,28,2,2,euclidean,euclidean,30,30,,,77.31,83.19,119
30,34,2,2,euclidean,euclidean,30,30,,,78.15,82.35,119
28,31,2,1,euclidean,euclidean,30,30,,,78.99,82.35,119
28,30,2,2,euclidean,euclidean,30,30,,,78.99,82.35,119
28,30,2,1,euclidean,euclidean,30,30,,,78.99,82.35,119
28,29,2,2,euclidean,euclidean,30,30,,,78.99,82.35,119
28,32,2,2,euclidean,euclidean,30,30,,,78.99,82.35,119
31,28,1,2,euclidean,euclidean,30,30,,,56.3,82.35,119
30,34,2,1,euclidean,euclidean,30,30,,,78.15,82.35,119
28,29,2,1,euclidean,euclidean,30,30,,,78.99,82.35,119
30,35,2,2,euclidean,euclidean,30,30,,,78.15,82.35,119
30,39,2,1,euclidean,euclidean,30,30,,,78.15,82.35,119
30,39,2,2,euclidean,euclidean,30,30,,,78.15,82.35,119
27,21,2,2,euclidean,euclidean,30,30,,,73.95,82.35,119
30,35,2,1,euclidean,euclidean,30,30,,,78.15,82.35,119
30,28,1,2,euclidean,euclidean,30,30,,,55.46,82.35,119
30,28,2,2,euclidean,euclidean,30,30,,,78.15,82.35,119
28,32,2,1,euclidean,euclidean,30,30,,,78.99,82.35,119
29,39,2,2,euclidean,euclidean,30,30,,,78.99,82.35,119
29,39,2,1,euclidean,euclidean,30,30,,,78.99,82.35,119
29,35,2,2,euclidean,euclidean,30,30,,,78.99,82.35,119
27,20,2,2,euclidean,euclidean,30,30,,,73.95,82.35,119
31,28,2,2,euclidean,euclidean,30,30,,,77.31,82.35,119
29,35,2,1,euclidean,euclidean,30,30,,,78.99,82.35,119
27,20,1,2,euclidean,euclidean,30,30,,,46.22,82.35,119
27,21,1,2,euclidean,euclidean,30,30,,,46.22,82.35,119
29,34,2,2,euclidean,euclidean,30,30,,,78.99,82.35,119
29,34,2,1,euclidean,euclidean,30,30,,,78.99,82.35,119
29,28,2,2,euclidean,euclidean,30,30,,,78.99,82.35,119
28,31,2,2,euclidean,euclidean,30,30,,,78.99,82.35,119
29,28,1,2,euclidean,euclidean,30,30,,,55.46,82.35,119
39,34,1,2,euclidean,euclidean,30,30,,,65.55,82.35,119
21,27,2,2,euclidean,euclidean,30,30,,,70.59,82.35,119
34,30,1,2,euclidean,euclidean,30,30,,,61.34,82.35,119
20,27,2,2,euclidean,euclidean,30,30,,,70.59,82.35,119
20,27,2,1,euclidean,euclidean,30,30,,,70.59,82.35,119
39,34,2,2,euclidean,euclidean,30,30,,,76.47,82.35,119
39,35,2,2,euclidean,euclidean,30,30,,,76.47,82.35,119
39,29,2,2,euclidean,euclidean,30,30,,,76.47,82.35,119
32,28,2,2,euclidean,euclidean,30,30,,,75.63,82.35,119
39,30,1,2,euclidean,euclidean,30,30,,,65.55,82.35,119
39,29,1,2,euclidean,euclidean,30,30,,,65.55,82.35,119
21,27,2,1,euclidean,euclidean,30,30,,,70.59,82.35,119
35,39,2,1,euclidean,euclidean,30,30,,,79.83,82.35,119
39,35,1,2,euclidean,euclidean,30,30,,,65.55,82.35,119
34,29,1,2,euclidean,euclidean,30,30,,,61.34,82.35,119
32,28,1,2,euclidean,euclidean,30,30,,,57.98,82.35,119
34,30,2,2,euclidean,euclidean,30,30,,,76.47,82.35,119
35,30,1,2,euclidean,euclidean,30,30,,,65.55,82.35,119
34,39,2,1,euclidean,euclidean,30,30,,,76.47,82.35,119
34,39,2,2,euclidean,euclidean,30,30,,,76.47,82.35,119
35,29,1,2,euclidean,euclidean,30,30,,,65.55,82.35,119
35,39,2,2,euclidean,euclidean,30,30,,,79.83,82.35,119
35,30,2,2,euclidean,euclidean,30,30,,,79.83,82.35,119
35,29,2,2,euclidean,euclidean,30,30,,,79.83,82.35,119
34,29,2,2,euclidean,euclidean,30,30,,,76.47,82.35,119
39,30,2,2,euclidean,euclidean,30,30,,,76.47,82.35,119
36,39,2,2,euclidean,euclidean,30,30,,,80.67,81.51,119
36,39,2,1,euclidean,euclidean,30,30,,,80.67,81.51,119
39,32,2,2,euclidean,euclidean,30,30,,,76.47,81.51,119
22,27,2,1,euclidean,euclidean,30,30,,,70.59,81.51,119
22,27,2,2,euclidean,euclidean,30,30,,,70.59,81.51,119
35,31,2,2,euclidean,euclidean,30,30,,,79.83,81.51,119
39,31,2,2,euclidean,euclidean,30,30,,,76.47,81.51,119
28,36,1,2,euclidean,euclidean,30,30,,,52.94,81.51,119
39,33,2,2,euclidean,euclidean,30,30,,,76.47,81.51,119
35,36,1,2,euclidean,euclidean,30,30,,,65.55,81.51,119
37,29,1,2,euclidean,euclidean,30,30,,,65.55,81.51,119
37,30,1,2,euclidean,euclidean,30,30,,,65.55,81.51,119
35,31,1,2,euclidean,euclidean,30,30,,,65.55,81.51,119
29,36,2,1,euclidean,euclidean,30,30,,,78.99,81.51,119
29,36,2,2,euclidean,euclidean,30,30,,,78.99,81.51,119
29,37,2,1,euclidean,euclidean,30,30,,,78.99,81.51,119
29,37,2,2,euclidean,euclidean,30,30,,,78.99,81.51,119
29,38,2,1,euclidean,euclidean,30,30,,,78.99,81.51,119
29,38,2,2,euclidean,euclidean,30,30,,,78.99,81.51,119
34,38,2,2,euclidean,euclidean,30,30,,,76.47,81.51,119
22,36,1,2,euclidean,euclidean,30,30,,,27.73,81.51,119
35,38,2,1,euclidean,euclidean,30,30,,,79.83,81.51,119
35,36,2,1,euclidean,euclidean,30,30,,,79.83,81.51,119
36,27,2,1,euclidean,euclidean,30,30,,,80.67,81.51,119
36,21,2,1,euclidean,euclidean,30,30,,,80.67,81.51,119
36,22,2,1,euclidean,euclidean,30,30,,,80.67,81.51,119
36,23,2,1,euclidean,euclidean,30,30,,,80.67,81.51,119
36,24,2,1,euclidean,euclidean,30,30,,,80.67,81.51,119
36,25,2,1,euclidean,euclidean,30,30,,,80.67,81.51,119
36,26,2,1,euclidean,euclidean,30,30,,,80.67,81.51,119
36,28,2,1,euclidean,euclidean,30,30,,,80.67,81.51,119
27,23,2,2,euclidean,euclidean,30,30,,,73.95,81.51,119
27,36,1,2,euclidean,euclidean,30,30,,,46.22,81.51,119
27,22,2,2,euclidean,euclidean,30,30,,,73.95,81.51,119
38,29,2,2,euclidean,euclidean,30,30,,,77.31,81.51,119
21,36,1,2,euclidean,euclidean,30,30,,,25.21,81.51,119
36,29,2,2,euclidean,euclidean,30,30,,,80.67,81.51,119
36,30,2,2,euclidean,euclidean,30,30,,,80.67,81.51,119
36,20,2,1,euclidean,euclidean,30,30,,,80.67,81.51,119
36,35,1,2,euclidean,euclidean,30,30,,,66.39,81.51,119
35,36,2,2,euclidean,euclidean,30,30,,,79.83,81.51,119
29,33,2,2,euclidean,euclidean,30,30,,,78.99,81.51,119
35,37,2,1,euclidean,euclidean,30,30,,,79.83,81.51,119
35,37,2,2,euclidean,euclidean,30,30,,,79.83,81.51,119
34,37,2,2,euclidean,euclidean,30,30,,,76.47,81.51,119
35,38,2,2,euclidean,euclidean,30,30,,,79.83,81.51,119
27,22,1,2,euclidean,euclidean,30,30,,,46.22,81.51,119
27,23,1,2,euclidean,euclidean,30,30,,,46.22,81.51,119
29,33,2,1,euclidean,euclidean,30,30,,,78.99,81.51,119
36,34,1,2,euclidean,euclidean,30,30,,,66.39,81.51,119
36,35,2,2,euclidean,euclidean,30,30,,,80.67,81.51,119
36,29,1,2,euclidean,euclidean,30,30,,,66.39,81.51,119
36,30,1,2,euclidean,euclidean,30,30,,,66.39,81.51,119
36,35,2,1,euclidean,euclidean,30,30,,,80.67,81.51,119
36,34,2,2,euclidean,euclidean,30,30,,,80.67,81.51,119
36,34,2,1,euclidean,euclidean,30,30,,,80.67,81.51,119
34,38,2,1,euclidean,euclidean,30,30,,,76.47,81.51,119
34,36,2,2,euclidean,euclidean,30,30,,,76.47,81.51,119
34,37,2,1,euclidean,euclidean,30,30,,,76.47,81.51,119
37,35,2,2,euclidean,euclidean,30,30,,,78.99,81.51,119
37,29,2,2,euclidean,euclidean,30,30,,,78.99,81.51,119
38,35,2,2,euclidean,euclidean,30,30,,,77.31,81.51,119
39,33,1,2,euclidean,euclidean,30,30,,,65.55,81.51,119
33,30,2,2,euclidean,euclidean,30,30,,,75.63,81.51,119
39,32,1,2,euclidean,euclidean,30,30,,,65.55,81.51,119
33,29,2,2,euclidean,euclidean,30,30,,,75.63,81.51,119
38,34,2,2,euclidean,euclidean,30,30,,,77.31,81.51,119
24,36,1,2,euclidean,euclidean,30,30,,,31.93,81.51,119
33,30,1,2,euclidean,euclidean,30,30,,,60.5,81.51,119
33,29,1,2,euclidean,euclidean,30,30,,,60.5,81.51,119
32,39,2,2,euclidean,euclidean,30,30,,,75.63,81.51,119
32,39,2,1,euclidean,euclidean,30,30,,,75.63,81.51,119
37,34,2,2,euclidean,euclidean,30,30,,,78.99,81.51,119
39,36,2,2,euclidean,euclidean,30,30,,,76.47,81.51,119
20,36,1,2,euclidean,euclidean,30,30,,,25.21,81.51,119
39,31,1,2,euclidean,euclidean,30,30,,,65.55,81.51,119
38,29,1,2,euclidean,euclidean,30,30,,,65.55,81.51,119
38,30,1,2,euclidean,euclidean,30,30,,,65.55,81.51,119
31,39,2,2,euclidean,euclidean,30,30,,,77.31,81.51,119
31,39,2,1,euclidean,euclidean,30,30,,,77.31,81.51,119
38,34,1,2,euclidean,euclidean,30,30,,,65.55,81.51,119
38,30,2,2,euclidean,euclidean,30,30,,,77.31,81.51,119
38,35,1,2,euclidean,euclidean,30,30,,,65.55,81.51,119
25,36,1,2,euclidean,euclidean,30,30,,,34.45,81.51,119
31,35,2,2,euclidean,euclidean,30,30,,,77.31,81.51,119
31,35,2,1,euclidean,euclidean,30,30,,,77.31,81.51,119
31,34,2,2,euclidean,euclidean,30,30,,,77.31,81.51,119
31,34,2,1,euclidean,euclidean,30,30,,,77.31,81.51,119
30,38,2,2,euclidean,euclidean,30,30,,,78.15,81.51,119
37,30,2,2,euclidean,euclidean,30,30,,,78.99,81.51,119
30,38,2,1,euclidean,euclidean,30,30,,,78.15,81.51,119
30,36,2,2,euclidean,euclidean,30,30,,,78.15,81.51,119
39,36,1,2,euclidean,euclidean,30,30,,,65.55,81.51,119
30,33,2,1,euclidean,euclidean,30,30,,,78.15,81.51,119
23,27,2,1,euclidean,euclidean,30,30,,,70.59,81.51,119
30,33,2,2,euclidean,euclidean,30,30,,,78.15,81.51,119
34,31,1,2,euclidean,euclidean,30,30,,,61.34,81.51,119
33,39,2,2,euclidean,euclidean,30,30,,,75.63,81.51,119
34,36,1,2,euclidean,euclidean,30,30,,,61.34,81.51,119
33,39,2,1,euclidean,euclidean,30,30,,,75.63,81.51,119
37,35,1,2,euclidean,euclidean,30,30,,,65.55,81.51,119
37,34,1,2,euclidean,euclidean,30,30,,,65.55,81.51,119
30,36,2,1,euclidean,euclidean,30,30,,,78.15,81.51,119
26,36,1,2,euclidean,euclidean,30,30,,,42.02,81.51,119
30,37,2,1,euclidean,euclidean,30,30,,,78.15,81.51,119
23,36,1,2,euclidean,euclidean,30,30,,,29.41,81.51,119
34,31,2,2,euclidean,euclidean,30,30,,,76.47,81.51,119
30,37,2,2,euclidean,euclidean,30,30,,,78.15,81.51,119
34,36,2,1,euclidean,euclidean,30,30,,,76.47,81.51,119
23,27,2,2,euclidean,euclidean,30,30,,,70.59,81.51,119
37,33,1,2,euclidean,euclidean,30,30,,,65.55,80.67,119
36,33,2,2,euclidean,euclidean,30,30,,,80.67,80.67,119
38,33,1,2,euclidean,euclidean,30,30,,,65.55,80.67,119
38,32,1,2,euclidean,euclidean,30,30,,,65.55,80.67,119
28,37,1,2,euclidean,euclidean,30,30,,,52.94,80.67,119
38,31,1,2,euclidean,euclidean,30,30,,,65.55,80.67,119
37,32,1,2,euclidean,euclidean,30,30,,,65.55,80.67,119
37,31,1,2,euclidean,euclidean,30,30,,,65.55,80.67,119
36,33,2,1,euclidean,euclidean,30,30,,,80.67,80.67,119
37,35,2,1,euclidean,euclidean,30,30,,,78.99,80.67,119
37,36,2,2,euclidean,euclidean,30,30,,,78.99,80.67,119
36,38,2,2,euclidean,euclidean,30,30,,,80.67,80.67,119
36,37,2,1,euclidean,euclidean,30,30,,,80.67,80.67,119
36,36,2,2,euclidean,euclidean,30,30,,,80.67,80.67,119
36,37,2,2,euclidean,euclidean,30,30,,,80.67,80.67,119
36,38,2,1,euclidean,euclidean,30,30,,,80.67,80.67,119
36,32,2,1,euclidean,euclidean,30,30,,,80.67,80.67,119
37,31,2,2,euclidean,euclidean,30,30,,,78.99,80.67,119
37,27,2,1,euclidean,euclidean,30,30,,,78.99,80.67,119
37,28,2,1,euclidean,euclidean,30,30,,,78.99,80.67,119
37,32,2,2,euclidean,euclidean,30,30,,,78.99,80.67,119
37,26,2,1,euclidean,euclidean,30,30,,,78.99,80.67,119
36,36,2,1,euclidean,euclidean,30,30,,,80.67,80.67,119
37,36,1,2,euclidean,euclidean,30,30,,,65.55,80.67,119
37,33,2,2,euclidean,euclidean,30,30,,,78.99,80.67,119
37,34,2,1,euclidean,euclidean,30,30,,,78.99,80.67,119
36,32,2,2,euclidean,euclidean,30,30,,,80.67,80.67,119
31,33,2,1,euclidean,euclidean,30,30,,,77.31,80.67,119
36,31,2,2,euclidean,euclidean,30,30,,,80.67,80.67,119
32,37,2,1,euclidean,euclidean,30,30,,,75.63,80.67,119
33,37,2,2,euclidean,euclidean,30,30,,,75.63,80.67,119
33,37,2,1,euclidean,euclidean,30,30,,,75.63,80.67,119
28,35,1,2,euclidean,euclidean,30,30,,,52.94,80.67,119
33,36,2,2,euclidean,euclidean,30,30,,,75.63,80.67,119
33,36,2,1,euclidean,euclidean,30,30,,,75.63,80.67,119
33,35,2,2,euclidean,euclidean,30,30,,,75.63,80.67,119
33,35,2,1,euclidean,euclidean,30,30,,,75.63,80.67,119
33,31,2,2,euclidean,euclidean,30,30,,,75.63,80.67,119
33,36,1,2,euclidean,euclidean,30,30,,,60.5,80.67,119
33,31,1,2,euclidean,euclidean,30,30,,,60.5,80.67,119
32,38,2,2,euclidean,euclidean,30,30,,,75.63,80.67,119
32,38,2,1,euclidean,euclidean,30,30,,,75.63,80.67,119
32,37,2,2,euclidean,euclidean,30,30,,,75.63,80.67,119
32,36,2,2,euclidean,euclidean,30,30,,,75.63,80.67,119
36,31,2,1,euclidean,euclidean,30,30,,,80.67,80.67,119
32,36,2,1,euclidean,euclidean,30,30,,,75.63,80.67,119
32,35,2,2,euclidean,euclidean,30,30,,,75.63,80.67,119
32,35,2,1,euclidean,euclidean,30,30,,,75.63,80.67,119
32,29,2,2,euclidean,euclidean,30,30,,,75.63,80.67,119
32,36,1,2,euclidean,euclidean,30,30,,,57.98,80.67,119
32,29,1,2,euclidean,euclidean,30,30,,,57.98,80.67,119
31,38,2,2,euclidean,euclidean,30,30,,,77.31,80.67,119
31,38,2,1,euclidean,euclidean,30,30,,,77.31,80.67,119
31,37,2,2,euclidean,euclidean,30,30,,,77.31,80.67,119
31,36,1,2,euclidean,euclidean,30,30,,,56.3,80.67,119
31,37,2,1,euclidean,euclidean,30,30,,,77.31,80.67,119
31,36,2,2,euclidean,euclidean,30,30,,,77.31,80.67,119
31,36,2,1,euclidean,euclidean,30,30,,,77.31,80.67,119
33,38,2,1,euclidean,euclidean,30,30,,,75.63,80.67,119
33,38,2,2,euclidean,euclidean,30,30,,,75.63,80.67,119
34,37,1,2,euclidean,euclidean,30,30,,,61.34,80.67,119
30,36,1,2,euclidean,euclidean,30,30,,,55.46,80.67,119
36,30,2,1,euclidean,euclidean,30,30,,,80.67,80.67,119
36,29,2,1,euclidean,euclidean,30,30,,,80.67,80.67,119
36,36,1,2,euclidean,euclidean,30,30,,,66.39,80.67,119
29,36,1,2,euclidean,euclidean,30,30,,,55.46,80.67,119
36,33,1,2,euclidean,euclidean,30,30,,,66.39,80.67,119
36,32,1,2,euclidean,euclidean,30,30,,,66.39,80.67,119
36,31,1,2,euclidean,euclidean,30,30,,,66.39,80.67,119
29,32,2,1,euclidean,euclidean,30,30,,,78.99,80.67,119
29,32,2,2,euclidean,euclidean,30,30,,,78.99,80.67,119
35,34,2,2,euclidean,euclidean,30,30,,,79.83,80.67,119
35,33,2,2,euclidean,euclidean,30,30,,,79.83,80.67,119
35,32,2,2,euclidean,euclidean,30,30,,,79.83,80.67,119
31,33,2,2,euclidean,euclidean,30,30,,,77.31,80.67,119
35,27,2,1,euclidean,euclidean,30,30,,,79.83,80.67,119
35,26,2,1,euclidean,euclidean,30,30,,,79.83,80.67,119
35,25,2,1,euclidean,euclidean,30,30,,,79.83,80.67,119
35,24,2,1,euclidean,euclidean,30,30,,,79.83,80.67,119
35,23,2,1,euclidean,euclidean,30,30,,,79.83,80.67,119
35,22,2,1,euclidean,euclidean,30,30,,,79.83,80.67,119
35,21,2,1,euclidean,euclidean,30,30,,,79.83,80.67,119
35,20,2,1,euclidean,euclidean,30,30,,,79.83,80.67,119
35,37,1,2,euclidean,euclidean,30,30,,,65.55,80.67,119
35,34,1,2,euclidean,euclidean,30,30,,,65.55,80.67,119
35,33,1,2,euclidean,euclidean,30,30,,,65.55,80.67,119
35,32,1,2,euclidean,euclidean,30,30,,,65.55,80.67,119
34,35,2,2,euclidean,euclidean,30,30,,,76.47,80.67,119
34,35,2,1,euclidean,euclidean,30,30,,,76.47,80.67,119
35,28,2,1,euclidean,euclidean,30,30,,,79.83,80.67,119
38,36,1,2,euclidean,euclidean,30,30,,,65.55,80.67,119
26,21,1,2,euclidean,euclidean,30,30,,,42.02,80.67,119
38,31,2,2,euclidean,euclidean,30,30,,,77.31,80.67,119
26,37,1,2,euclidean,euclidean,30,30,,,42.02,80.67,119
21,26,2,1,euclidean,euclidean,30,30,,,70.59,80.67,119
26,35,1,2,euclidean,euclidean,30,30,,,42.02,80.67,119
38,36,2,2,euclidean,euclidean,30,30,,,77.31,80.67,119
20,26,2,1,euclidean,euclidean,30,30,,,70.59,80.67,119
22,35,1,2,euclidean,euclidean,30,30,,,27.73,80.67,119
20,35,1,2,euclidean,euclidean,30,30,,,25.21,80.67,119
26,20,1,2,euclidean,euclidean,30,30,,,42.02,80.67,119
27,35,1,2,euclidean,euclidean,30,30,,,46.22,80.67,119
27,37,1,2,euclidean,euclidean,30,30,,,46.22,80.67,119
23,35,1,2,euclidean,euclidean,30,30,,,29.41,80.67,119
38,33,2,2,euclidean,euclidean,30,30,,,77.31,80.67,119
38,32,2,2,euclidean,euclidean,30,30,,,77.31,80.67,119
25,35,1,2,euclidean,euclidean,30,30,,,34.45,80.67,119
21,35,1,2,euclidean,euclidean,30,30,,,25.21,80.67,119
24,35,1,2,euclidean,euclidean,30,30,,,31.93,80.67,119
29,22,2,1,euclidean,euclidean,30,30,,,78.99,79.83,119
29,21,2,1,euclidean,euclidean,30,30,,,78.99,79.83,119
29,20,2,1,euclidean,euclidean,30,30,,,78.99,79.83,119
26,29,1,2,euclidean,euclidean,30,30,,,42.02,79.83,119
20,26,2,2,euclidean,euclidean,30,30,,,70.59,79.83,119
35,34,2,1,euclidean,euclidean,30,30,,,79.83,79.83,119
39,37,2,2,euclidean,euclidean,30,30,,,76.47,79.83,119
29,37,1,2,euclidean,euclidean,30,30,,,55.46,79.83,119
33,35,1,2,euclidean,euclidean,30,30,,,60.5,79.83,119
35,33,2,1,euclidean,euclidean,30,30,,,79.83,79.83,119
29,35,1,2,euclidean,euclidean,30,30,,,55.46,79.83,119
35,32,2,1,euclidean,euclidean,30,30,,,79.83,79.83,119
37,20,2,1,euclidean,euclidean,30,30,,,78.99,79.83,119
37,21,2,1,euclidean,euclidean,30,30,,,78.99,79.83,119
37,22,2,1,euclidean,euclidean,30,30,,,78.99,79.83,119
28,29,1,2,euclidean,euclidean,30,30,,,52.94,79.83,119
37,24,2,1,euclidean,euclidean,30,30,,,78.99,79.83,119
35,31,2,1,euclidean,euclidean,30,30,,,79.83,79.83,119
22,37,1,2,euclidean,euclidean,30,30,,,27.73,79.83,119
37,25,2,1,euclidean,euclidean,30,30,,,78.99,79.83,119
26,23,1,2,euclidean,euclidean,30,30,,,42.02,79.83,119
35,30,2,1,euclidean,euclidean,30,30,,,79.83,79.83,119
26,22,1,2,euclidean,euclidean,30,30,,,42.02,79.83,119
35,29,2,1,euclidean,euclidean,30,30,,,79.83,79.83,119
27,29,1,2,euclidean,euclidean,30,30,,,46.22,79.83,119
37,23,2,1,euclidean,euclidean,30,30,,,78.99,79.83,119
22,26,2,1,euclidean,euclidean,30,30,,,70.59,79.83,119
29,23,2,1,euclidean,euclidean,30,30,,,78.99,79.83,119
26,20,2,2,euclidean,euclidean,30,30,,,73.11,79.83,119
21,37,1,2,euclidean,euclidean,30,30,,,25.21,79.83,119
26,21,2,2,euclidean,euclidean,30,30,,,73.11,79.83,119
32,30,2,2,euclidean,euclidean,30,30,,,75.63,79.83,119
36,37,1,2,euclidean,euclidean,30,30,,,66.39,79.83,119
21,26,2,2,euclidean,euclidean,30,30,,,70.59,79.83,119
30,35,1,2,euclidean,euclidean,30,30,,,55.46,79.83,119
21,29,1,2,euclidean,euclidean,30,30,,,25.21,79.83,119
30,37,1,2,euclidean,euclidean,30,30,,,55.46,79.83,119
22,29,1,2,euclidean,euclidean,30,30,,,27.73,79.83,119
24,27,2,1,euclidean,euclidean,30,30,,,69.75,79.83,119
27,24,1,2,euclidean,euclidean,30,30,,,46.22,79.83,119
29,31,2,2,euclidean,euclidean,30,30,,,78.99,79.83,119
29,31,2,1,euclidean,euclidean,30,30,,,78.99,79.83,119
35,35,2,2,euclidean,euclidean,30,30,,,79.83,79.83,119
29,28,2,1,euclidean,euclidean,30,30,,,78.99,79.83,119
29,27,2,1,euclidean,euclidean,30,30,,,78.99,79.83,119
29,26,2,1,euclidean,euclidean,30,30,,,78.99,79.83,119
30,32,2,1,euclidean,euclidean,30,30,,,78.15,79.83,119
29,25,2,1,euclidean,euclidean,30,30,,,78.99,79.83,119
30,32,2,2,euclidean,euclidean,30,30,,,78.15,79.83,119
29,24,2,1,euclidean,euclidean,30,30,,,78.99,79.83,119
35,35,2,1,euclidean,euclidean,30,30,,,79.83,79.83,119
24,37,1,2,euclidean,euclidean,30,30,,,31.93,79.83,119
24,27,2,2,euclidean,euclidean,30,30,,,69.75,79.83,119
20,37,1,2,euclidean,euclidean,30,30,,,25.21,79.83,119
24,29,1,2,euclidean,euclidean,30,30,,,31.93,79.83,119
23,29,1,2,euclidean,euclidean,30,30,,,29.41,79.83,119
27,24,2,2,euclidean,euclidean,30,30,,,73.95,79.83,119
31,37,1,2,euclidean,euclidean,30,30,,,56.3,79.83,119
23,26,2,1,euclidean,euclidean,30,30,,,70.59,79.83,119
23,37,1,2,euclidean,euclidean,30,30,,,29.41,79.83,119
31,29,2,2,euclidean,euclidean,30,30,,,77.31,79.83,119
37,39,2,1,euclidean,euclidean,30,30,,,78.99,79.83,119
37,39,2,2,euclidean,euclidean,30,30,,,78.99,79.83,119
27,28,2,1,euclidean,euclidean,30,30,,,73.95,79.83,119
27,28,2,2,euclidean,euclidean,30,30,,,73.95,79.83,119
28,27,1,2,euclidean,euclidean,30,30,,,52.94,79.83,119
20,29,1,2,euclidean,euclidean,30,30,,,25.21,79.83,119
34,35,1,2,euclidean,euclidean,30,30,,,61.34,79.83,119
32,30,1,2,euclidean,euclidean,30,30,,,57.98,79.83,119
25,37,1,2,euclidean,euclidean,30,30,,,34.45,79.83,119
37,36,2,1,euclidean,euclidean,30,30,,,78.99,79.83,119
31,35,1,2,euclidean,euclidean,30,30,,,56.3,79.83,119
28,27,2,2,euclidean,euclidean,30,30,,,78.99,79.83,119
37,33,2,1,euclidean,euclidean,30,30,,,78.99,79.83,119
37,31,2,1,euclidean,euclidean,30,30,,,78.99,79.83,119
32,37,1,2,euclidean,euclidean,30,30,,,57.98,79.83,119
37,32,2,1,euclidean,euclidean,30,30,,,78.99,79.83,119
39,37,1,2,euclidean,euclidean,30,30,,,65.55,79.83,119
33,37,1,2,euclidean,euclidean,30,30,,,60.5,79.83,119
25,29,1,2,euclidean,euclidean,30,30,,,34.45,79.83,119
32,35,1,2,euclidean,euclidean,30,30,,,57.98,79.83,119
35,35,1,2,euclidean,euclidean,30,30,,,65.55,79.83,119
37,29,2,1,euclidean,euclidean,30,30,,,78.99,79.83,119
31,29,1,2,euclidean,euclidean,30,30,,,56.3,79.83,119
37,30,2,1,euclidean,euclidean,30,30,,,78.99,79.83,119
22,30,1,2,euclidean,euclidean,30,30,,,27.73,78.99,119
30,22,2,1,euclidean,euclidean,30,30,,,78.15,78.99,119
30,23,2,1,euclidean,euclidean,30,30,,,78.15,78.99,119
30,21,2,1,euclidean,euclidean,30,30,,,78.15,78.99,119
34,39,1,2,euclidean,euclidean,30,30,,,61.34,78.99,119
34,38,1,2,euclidean,euclidean,30,30,,,61.34,78.99,119
23,26,2,2,euclidean,euclidean,30,30,,,70.59,78.99,119
22,28,1,2,euclidean,euclidean,30,30,,,27.73,78.99,119
39,26,2,1,euclidean,euclidean,30,30,,,76.47,78.99,119
26,38,1,2,euclidean,euclidean,30,30,,,42.02,78.99,119
32,31,2,2,euclidean,euclidean,30,30,,,75.63,78.99,119
25,30,1,2,euclidean,euclidean,30,30,,,34.45,78.99,119
39,27,2,1,euclidean,euclidean,30,30,,,76.47,78.99,119
30,24,2,1,euclidean,euclidean,30,30,,,78.15,78.99,119
39,28,2,1,euclidean,euclidean,30,30,,,76.47,78.99,119
30,29,1,2,euclidean,euclidean,30,30,,,55.46,78.99,119
24,28,1,2,euclidean,euclidean,30,30,,,31.93,78.99,119
30,31,2,2,euclidean,euclidean,30,30,,,78.15,78.99,119
30,25,2,1,euclidean,euclidean,30,30,,,78.15,78.99,119
24,30,1,2,euclidean,euclidean,30,30,,,31.93,78.99,119
22,26,2,2,euclidean,euclidean,30,30,,,70.59,78.99,119
25,27,2,2,euclidean,euclidean,30,30,,,68.91,78.99,119
25,27,2,1,euclidean,euclidean,30,30,,,68.91,78.99,119
35,39,1,2,euclidean,euclidean,30,30,,,65.55,78.99,119
35,38,1,2,euclidean,euclidean,30,30,,,65.55,78.99,119
23,28,1,2,euclidean,euclidean,30,30,,,29.41,78.99,119
26,28,1,2,euclidean,euclidean,30,30,,,42.02,78.99,119
31,30,1,2,euclidean,euclidean,30,30,,,56.3,78.99,119
38,37,1,2,euclidean,euclidean,30,30,,,65.55,78.99,119
23,30,1,2,euclidean,euclidean,30,30,,,29.41,78.99,119
26,30,1,2,euclidean,euclidean,30,30,,,42.02,78.99,119
32,31,1,2,euclidean,euclidean,30,30,,,57.98,78.99,119
31,30,2,2,euclidean,euclidean,30,30,,,77.31,78.99,119
31,32,2,1,euclidean,euclidean,30,30,,,77.31,78.99,119
26,39,1,2,euclidean,euclidean,30,30,,,42.02,78.99,119
30,31,2,1,euclidean,euclidean,30,30,,,78.15,78.99,119
31,32,2,2,euclidean,euclidean,30,30,,,77.31,78.99,119
30,29,2,2,euclidean,euclidean,30,30,,,78.15,78.99,119
30,28,2,1,euclidean,euclidean,30,30,,,78.15,78.99,119
30,27,2,1,euclidean,euclidean,30,30,,,78.15,78.99,119
30,26,2,1,euclidean,euclidean,30,30,,,78.15,78.99,119
25,28,1,2,euclidean,euclidean,30,30,,,34.45,78.99,119
30,20,2,1,euclidean,euclidean,30,30,,,78.15,78.99,119
28,21,2,1,euclidean,euclidean,30,30,,,78.99,78.99,119
27,28,1,2,euclidean,euclidean,30,30,,,46.22,78.99,119
28,28,2,1,euclidean,euclidean,30,30,,,78.99,78.99,119
37,37,2,2,euclidean,euclidean,30,30,,,78.99,78.99,119
27,25,1,2,euclidean,euclidean,30,30,,,46.22,78.99,119
29,30,2,2,euclidean,euclidean,30,30,,,78.99,78.99,119
29,30,2,1,euclidean,euclidean,30,30,,,78.99,78.99,119
29,29,2,2,euclidean,euclidean,30,30,,,78.99,78.99,119
29,29,2,1,euclidean,euclidean,30,30,,,78.99,78.99,119
28,22,2,1,euclidean,euclidean,30,30,,,78.99,78.99,119
37,37,2,1,euclidean,euclidean,30,30,,,78.99,78.99,119
20,30,1,2,euclidean,euclidean,30,30,,,25.21,78.99,119
38,37,2,2,euclidean,euclidean,30,30,,,77.31,78.99,119
39,34,2,1,euclidean,euclidean,30,30,,,76.47,78.99,119
27,39,1,2,euclidean,euclidean,30,30,,,46.22,78.99,119
28,27,2,1,euclidean,euclidean,30,30,,,78.99,78.99,119
28,30,1,2,euclidean,euclidean,30,30,,,52.94,78.99,119
27,38,1,2,euclidean,euclidean,30,30,,,46.22,78.99,119
37,37,1,2,euclidean,euclidean,30,30,,,65.55,78.99,119
27,30,1,2,euclidean,euclidean,30,30,,,46.22,78.99,119
28,23,2,1,euclidean,euclidean,30,30,,,78.99,78.99,119
28,28,1,2,euclidean,euclidean,30,30,,,52.94,78.99,119
28,24,2,1,euclidean,euclidean,30,30,,,78.99,78.99,119
28,26,2,1,euclidean,euclidean,30,30,,,78.99,78.99,119
38,34,2,1,euclidean,euclidean,30,30,,,77.31,78.99,119
29,29,1,2,euclidean,euclidean,30,30,,,55.46,78.99,119
20,28,1,2,euclidean,euclidean,30,30,,,25.21,78.99,119
28,25,2,1,euclidean,euclidean,30,30,,,78.99,78.99,119
38,26,2,1,euclidean,euclidean,30,30,,,77.31,78.99,119
38,27,2,1,euclidean,euclidean,30,30,,,77.31,78.99,119
37,38,2,1,euclidean,euclidean,30,30,,,78.99,78.99,119
38,28,2,1,euclidean,euclidean,30,30,,,77.31,78.99,119
21,30,1,2,euclidean,euclidean,30,30,,,25.21,78.99,119
28,38,1,2,euclidean,euclidean,30,30,,,52.94,78.99,119
28,20,2,1,euclidean,euclidean,30,30,,,78.99,78.99,119
27,25,2,2,euclidean,euclidean,30,30,,,73.95,78.99,119
38,35,2,1,euclidean,euclidean,30,30,,,77.31,78.99,119
39,35,2,1,euclidean,euclidean,30,30,,,76.47,78.99,119
26,23,2,2,euclidean,euclidean,30,30,,,73.11,78.99,119
37,38,2,2,euclidean,euclidean,30,30,,,78.99,78.99,119
28,39,1,2,euclidean,euclidean,30,30,,,52.94,78.99,119
28,28,2,2,euclidean,euclidean,30,30,,,78.99,78.99,119
21,28,1,2,euclidean,euclidean,30,30,,,25.21,78.99,119
26,22,2,2,euclidean,euclidean,30,30,,,73.11,78.99,119
31,27,2,1,euclidean,euclidean,30,30,,,77.31,78.15,119
23,39,1,2,euclidean,euclidean,30,30,,,29.41,78.15,119
38,32,2,1,euclidean,euclidean,30,30,,,77.31,78.15,119
39,36,2,1,euclidean,euclidean,30,30,,,76.47,78.15,119
23,38,1,2,euclidean,euclidean,30,30,,,29.41,78.15,119
31,28,2,1,euclidean,euclidean,30,30,,,77.31,78.15,119
25,38,1,2,euclidean,euclidean,30,30,,,34.45,78.15,119
27,26,2,2,euclidean,euclidean,30,30,,,73.95,78.15,119
38,30,2,1,euclidean,euclidean,30,30,,,77.31,78.15,119
32,34,2,2,euclidean,euclidean,30,30,,,75.63,78.15,119
25,39,1,2,euclidean,euclidean,30,30,,,34.45,78.15,119
38,29,2,1,euclidean,euclidean,30,30,,,77.31,78.15,119
31,26,2,1,euclidean,euclidean,30,30,,,77.31,78.15,119
31,38,1,2,euclidean,euclidean,30,30,,,56.3,78.15,119
39,38,1,2,euclidean,euclidean,30,30,,,65.55,78.15,119
31,22,2,1,euclidean,euclidean,30,30,,,77.31,78.15,119
31,39,1,2,euclidean,euclidean,30,30,,,56.3,78.15,119
31,20,2,1,euclidean,euclidean,30,30,,,77.31,78.15,119
39,23,2,1,euclidean,euclidean,30,30,,,76.47,78.15,119
31,21,2,1,euclidean,euclidean,30,30,,,77.31,78.15,119
24,38,1,2,euclidean,euclidean,30,30,,,31.93,78.15,119
32,39,1,2,euclidean,euclidean,30,30,,,57.98,78.15,119
24,39,1,2,euclidean,euclidean,30,30,,,31.93,78.15,119
28,31,1,2,euclidean,euclidean,30,30,,,52.94,78.15,119
31,25,2,1,euclidean,euclidean,30,30,,,77.31,78.15,119
31,23,2,1,euclidean,euclidean,30,30,,,77.31,78.15,119
24,26,2,1,euclidean,euclidean,30,30,,,69.75,78.15,119
23,31,1,2,euclidean,euclidean,30,30,,,29.41,78.15,119
32,38,1,2,euclidean,euclidean,30,30,,,57.98,78.15,119
31,24,2,1,euclidean,euclidean,30,30,,,77.31,78.15,119
20,31,1,2,euclidean,euclidean,30,30,,,25.21,78.15,119
34,32,2,2,euclidean,euclidean,30,30,,,76.47,78.15,119
38,22,2,1,euclidean,euclidean,30,30,,,77.31,78.15,119
29,30,1,2,euclidean,euclidean,30,30,,,55.46,78.15,119
25,31,1,2,euclidean,euclidean,30,30,,,34.45,78.15,119
24,31,1,2,euclidean,euclidean,30,30,,,31.93,78.15,119
39,33,2,1,euclidean,euclidean,30,30,,,76.47,78.15,119
39,32,2,1,euclidean,euclidean,30,30,,,76.47,78.15,119
26,27,2,2,euclidean,euclidean,30,30,,,73.11,78.15,119
30,39,1,2,euclidean,euclidean,30,30,,,55.46,78.15,119
26,27,2,1,euclidean,euclidean,30,30,,,73.11,78.15,119
30,38,1,2,euclidean,euclidean,30,30,,,55.46,78.15,119
39,24,2,1,euclidean,euclidean,30,30,,,76.47,78.15,119
39,31,2,1,euclidean,euclidean,30,30,,,76.47,78.15,119
39,30,2,1,euclidean,euclidean,30,30,,,76.47,78.15,119
39,25,2,1,euclidean,euclidean,30,30,,,76.47,78.15,119
39,29,2,1,euclidean,euclidean,30,30,,,76.47,78.15,119
38,39,2,1,euclidean,euclidean,30,30,,,77.31,78.15,119
21,31,1,2,euclidean,euclidean,30,30,,,25.21,78.15,119
36,38,1,2,euclidean,euclidean,30,30,,,66.39,78.15,119
36,39,1,2,euclidean,euclidean,30,30,,,66.39,78.15,119
38,24,2,1,euclidean,euclidean,30,30,,,77.31,78.15,119
30,30,1,2,euclidean,euclidean,30,30,,,55.46,78.15,119
38,20,2,1,euclidean,euclidean,30,30,,,77.31,78.15,119
21,38,1,2,euclidean,euclidean,30,30,,,25.21,78.15,119
39,38,2,2,euclidean,euclidean,30,30,,,76.47,78.15,119
38,23,2,1,euclidean,euclidean,30,30,,,77.31,78.15,119
38,21,2,1,euclidean,euclidean,30,30,,,77.31,78.15,119
34,32,1,2,euclidean,euclidean,30,30,,,61.34,78.15,119
38,39,2,2,euclidean,euclidean,30,30,,,77.31,78.15,119
33,38,1,2,euclidean,euclidean,30,30,,,60.5,78.15,119
27,26,1,2,euclidean,euclidean,30,30,,,46.22,78.15,119
22,38,1,2,euclidean,euclidean,30,30,,,27.73,78.15,119
20,38,1,2,euclidean,euclidean,30,30,,,25.21,78.15,119
27,31,1,2,euclidean,euclidean,30,30,,,46.22,78.15,119
38,25,2,1,euclidean,euclidean,30,30,,,77.31,78.15,119
26,24,1,2,euclidean,euclidean,30,30,,,42.02,78.15,119
38,31,2,1,euclidean,euclidean,30,30,,,77.31,78.15,119
29,38,1,2,euclidean,euclidean,30,30,,,55.46,78.15,119
29,39,1,2,euclidean,euclidean,30,30,,,55.46,78.15,119
38,36,2,1,euclidean,euclidean,30,30,,,77.31,78.15,119
22,31,1,2,euclidean,euclidean,30,30,,,27.73,78.15,119
38,33,2,1,euclidean,euclidean,30,30,,,77.31,78.15,119
30,30,2,2,euclidean,euclidean,30,30,,,78.15,78.15,119
30,30,2,1,euclidean,euclidean,30,30,,,78.15,78.15,119
30,29,2,1,euclidean,euclidean,30,30,,,78.15,78.15,119
26,31,1,2,euclidean,euclidean,30,30,,,42.02,78.15,119
33,39,1,2,euclidean,euclidean,30,30,,,60.5,78.15,119
32,34,2,1,euclidean,euclidean,30,30,,,75.63,78.15,119
34,21,2,1,euclidean,euclidean,30,30,,,76.47,77.31,119
34,20,2,1,euclidean,euclidean,30,30,,,76.47,77.31,119
24,34,1,2,euclidean,euclidean,30,30,,,31.93,77.31,119
25,34,1,2,euclidean,euclidean,30,30,,,34.45,77.31,119
34,25,2,1,euclidean,euclidean,30,30,,,76.47,77.31,119
33,32,2,2,euclidean,euclidean,30,30,,,75.63,77.31,119
34,24,2,1,euclidean,euclidean,30,30,,,76.47,77.31,119
34,22,2,1,euclidean,euclidean,30,30,,,76.47,77.31,119
34,23,2,1,euclidean,euclidean,30,30,,,76.47,77.31,119
38,38,1,2,euclidean,euclidean,30,30,,,65.55,77.31,119
31,31,2,2,euclidean,euclidean,30,30,,,77.31,77.31,119
22,34,1,2,euclidean,euclidean,30,30,,,27.73,77.31,119
31,31,2,1,euclidean,euclidean,30,30,,,77.31,77.31,119
29,31,1,2,euclidean,euclidean,30,30,,,55.46,77.31,119
20,39,1,2,euclidean,euclidean,30,30,,,25.21,77.31,119
37,39,1,2,euclidean,euclidean,30,30,,,65.55,77.31,119
37,38,1,2,euclidean,euclidean,30,30,,,65.55,77.31,119
38,37,2,1,euclidean,euclidean,30,30,,,77.31,77.31,119
38,38,2,1,euclidean,euclidean,30,30,,,77.31,77.31,119
32,33,2,2,euclidean,euclidean,30,30,,,75.63,77.31,119
27,34,1,2,euclidean,euclidean,30,30,,,46.22,77.31,119
38,38,2,2,euclidean,euclidean,30,30,,,77.31,77.31,119
26,34,1,2,euclidean,euclidean,30,30,,,42.02,77.31,119
32,33,2,1,euclidean,euclidean,30,30,,,75.63,77.31,119
26,24,2,2,euclidean,euclidean,30,30,,,73.11,77.31,119
30,31,1,2,euclidean,euclidean,30,30,,,55.46,77.31,119
21,39,1,2,euclidean,euclidean,30,30,,,25.21,77.31,119
38,39,1,2,euclidean,euclidean,30,30,,,65.55,77.31,119
20,34,1,2,euclidean,euclidean,30,30,,,25.21,77.31,119
22,39,1,2,euclidean,euclidean,30,30,,,27.73,77.31,119
39,22,2,1,euclidean,euclidean,30,30,,,76.47,77.31,119
21,34,1,2,euclidean,euclidean,30,30,,,25.21,77.31,119
31,30,2,1,euclidean,euclidean,30,30,,,77.31,77.31,119
31,29,2,1,euclidean,euclidean,30,30,,,77.31,77.31,119
34,26,2,1,euclidean,euclidean,30,30,,,76.47,77.31,119
34,27,2,1,euclidean,euclidean,30,30,,,76.47,77.31,119
34,28,2,1,euclidean,euclidean,30,30,,,76.47,77.31,119
39,21,2,1,euclidean,euclidean,30,30,,,76.47,77.31,119
33,32,1,2,euclidean,euclidean,30,30,,,60.5,77.31,119
39,37,2,1,euclidean,euclidean,30,30,,,76.47,77.31,119
39,38,2,1,euclidean,euclidean,30,30,,,76.47,77.31,119
23,34,1,2,euclidean,euclidean,30,30,,,29.41,77.31,119
31,31,1,2,euclidean,euclidean,30,30,,,56.3,77.31,119
24,26,2,2,euclidean,euclidean,30,30,,,69.75,77.31,119
28,34,1,2,euclidean,euclidean,30,30,,,52.94,77.31,119
39,20,2,1,euclidean,euclidean,30,30,,,76.47,77.31,119
33,20,2,1,euclidean,euclidean,30,30,,,75.63,76.47,119
24,33,1,2,euclidean,euclidean,30,30,,,31.93,76.47,119
33,21,2,1,euclidean,euclidean,30,30,,,75.63,76.47,119
39,39,2,1,euclidean,euclidean,30,30,,,76.47,76.47,119
33,22,2,1,euclidean,euclidean,30,30,,,75.63,76.47,119
33,23,2,1,euclidean,euclidean,30,30,,,75.63,76.47,119
34,33,2,2,euclidean,euclidean,30,30,,,76.47,76.47,119
33,24,2,1,euclidean,euclidean,30,30,,,75.63,76.47,119
33,25,2,1,euclidean,euclidean,30,30,,,75.63,76.47,119
21,33,1,2,euclidean,euclidean,30,30,,,25.21,76.47,119
21,32,1,2,euclidean,euclidean,30,30,,,25.21,76.47,119
32,28,2,1,euclidean,euclidean,30,30,,,75.63,76.47,119
22,32,1,2,euclidean,euclidean,30,30,,,27.73,76.47,119
22,33,1,2,euclidean,euclidean,30,30,,,27.73,76.47,119
20,33,1,2,euclidean,euclidean,30,30,,,25.21,76.47,119
39,39,1,2,euclidean,euclidean,30,30,,,65.55,76.47,119
20,32,1,2,euclidean,euclidean,30,30,,,25.21,76.47,119
23,32,1,2,euclidean,euclidean,30,30,,,29.41,76.47,119
23,33,1,2,euclidean,euclidean,30,30,,,29.41,76.47,119
34,34,2,2,euclidean,euclidean,30,30,,,76.47,76.47,119
34,34,2,1,euclidean,euclidean,30,30,,,76.47,76.47,119
34,33,2,1,euclidean,euclidean,30,30,,,76.47,76.47,119
34,32,2,1,euclidean,euclidean,30,30,,,76.47,76.47,119
34,31,2,1,euclidean,euclidean,30,30,,,76.47,76.47,119
34,30,2,1,euclidean,euclidean,30,30,,,76.47,76.47,119
34,29,2,1,euclidean,euclidean,30,30,,,76.47,76.47,119
34,34,1,2,euclidean,euclidean,30,30,,,61.34,76.47,119
34,33,1,2,euclidean,euclidean,30,30,,,61.34,76.47,119
33,34,2,2,euclidean,euclidean,30,30,,,75.63,76.47,119
33,34,2,1,euclidean,euclidean,30,30,,,75.63,76.47,119
33,28,2,1,euclidean,euclidean,30,30,,,75.63,76.47,119
33,27,2,1,euclidean,euclidean,30,30,,,75.63,76.47,119
33,26,2,1,euclidean,euclidean,30,30,,,75.63,76.47,119
24,32,1,2,euclidean,euclidean,30,30,,,31.93,76.47,119
28,32,1,2,euclidean,euclidean,30,30,,,52.94,76.47,119
33,34,1,2,euclidean,euclidean,30,30,,,60.5,76.47,119
39,39,2,2,euclidean,euclidean,30,30,,,76.47,76.47,119
32,24,2,1,euclidean,euclidean,30,30,,,75.63,76.47,119
32,21,2,1,euclidean,euclidean,30,30,,,75.63,76.47,119
32,34,1,2,euclidean,euclidean,30,30,,,57.98,76.47,119
32,22,2,1,euclidean,euclidean,30,30,,,75.63,76.47,119
25,32,1,2,euclidean,euclidean,30,30,,,34.45,76.47,119
25,33,1,2,euclidean,euclidean,30,30,,,34.45,76.47,119
31,34,1,2,euclidean,euclidean,30,30,,,56.3,76.47,119
25,26,2,1,euclidean,euclidean,30,30,,,68.91,76.47,119
26,25,1,2,euclidean,euclidean,30,30,,,42.02,76.47,119
26,33,1,2,euclidean,euclidean,30,30,,,42.02,76.47,119
30,34,1,2,euclidean,euclidean,30,30,,,55.46,76.47,119
32,23,2,1,euclidean,euclidean,30,30,,,75.63,76.47,119
26,32,1,2,euclidean,euclidean,30,30,,,42.02,76.47,119
32,20,2,1,euclidean,euclidean,30,30,,,75.63,76.47,119
32,25,2,1,euclidean,euclidean,30,30,,,75.63,76.47,119
32,26,2,1,euclidean,euclidean,30,30,,,75.63,76.47,119
27,33,1,2,euclidean,euclidean,30,30,,,46.22,76.47,119
29,34,1,2,euclidean,euclidean,30,30,,,55.46,76.47,119
27,32,1,2,euclidean,euclidean,30,30,,,46.22,76.47,119
32,27,2,1,euclidean,euclidean,30,30,,,75.63,76.47,119
28,33,1,2,euclidean,euclidean,30,30,,,52.94,76.47,119
32,32,1,2,euclidean,euclidean,30,30,,,57.98,75.63,119
33,29,2,1,euclidean,euclidean,30,30,,,75.63,75.63,119
29,32,1,2,euclidean,euclidean,30,30,,,55.46,75.63,119
32,33,1,2,euclidean,euclidean,30,30,,,57.98,75.63,119
33,31,2,1,euclidean,euclidean,30,30,,,75.63,75.63,119
33,32,2,1,euclidean,euclidean,30,30,,,75.63,75.63,119
33,33,2,1,euclidean,euclidean,30,30,,,75.63,75.63,119
33,33,2,2,euclidean,euclidean,30,30,,,75.63,75.63,119
33,30,2,1,euclidean,euclidean,30,30,,,75.63,75.63,119
26,25,2,2,euclidean,euclidean,30,30,,,73.11,75.63,119
25,20,2,2,euclidean,euclidean,30,30,,,68.91,75.63,119
20,25,2,2,euclidean,euclidean,30,30,,,70.59,75.63,119
31,33,1,2,euclidean,euclidean,30,30,,,56.3,75.63,119
31,32,1,2,euclidean,euclidean,30,30,,,56.3,75.63,119
29,33,1,2,euclidean,euclidean,30,30,,,55.46,75.63,119
25,26,2,2,euclidean,euclidean,30,30,,,68.91,75.63,119
33,33,1,2,euclidean,euclidean,30,30,,,60.5,75.63,119
20,25,2,1,euclidean,euclidean,30,30,,,70.59,75.63,119
30,33,1,2,euclidean,euclidean,30,30,,,55.46,75.63,119
30,32,1,2,euclidean,euclidean,30,30,,,55.46,75.63,119
21,25,2,2,euclidean,euclidean,30,30,,,70.59,75.63,119
21,25,2,1,euclidean,euclidean,30,30,,,70.59,75.63,119
25,21,2,2,euclidean,euclidean,30,30,,,68.91,75.63,119
25,20,1,2,euclidean,euclidean,30,30,,,34.45,75.63,119
32,32,2,1,euclidean,euclidean,30,30,,,75.63,75.63,119
32,32,2,2,euclidean,euclidean,30,30,,,75.63,75.63,119
32,31,2,1,euclidean,euclidean,30,30,,,75.63,75.63,119
32,29,2,1,euclidean,euclidean,30,30,,,75.63,75.63,119
25,21,1,2,euclidean,euclidean,30,30,,,34.45,75.63,119
32,30,2,1,euclidean,euclidean,30,30,,,75.63,75.63,119
24,21,1,2,euclidean,euclidean,30,30,,,31.93,74.79,119
24,21,2,2,euclidean,euclidean,30,30,,,69.75,74.79,119
25,22,1,2,euclidean,euclidean,30,30,,,34.45,74.79,119
22,25,2,2,euclidean,euclidean,30,30,,,70.59,74.79,119
22,25,2,1,euclidean,euclidean,30,30,,,70.59,74.79,119
20,24,2,2,euclidean,euclidean,30,30,,,70.59,74.79,119
20,24,2,1,euclidean,euclidean,30,30,,,70.59,74.79,119
25,23,2,2,euclidean,euclidean,30,30,,,68.91,74.79,119
25,23,1,2,euclidean,euclidean,30,30,,,34.45,74.79,119
24,20,2,2,euclidean,euclidean,30,30,,,69.75,74.79,119
24,20,1,2,euclidean,euclidean,30,30,,,31.93,74.79,119
25,22,2,2,euclidean,euclidean,30,30,,,68.91,74.79,119
23,25,2,2,euclidean,euclidean,30,30,,,70.59,74.79,119
21,24,2,1,euclidean,euclidean,30,30,,,70.59,74.79,119
21,24,2,2,euclidean,euclidean,30,30,,,70.59,74.79,119
23,25,2,1,euclidean,euclidean,30,30,,,70.59,74.79,119
27,22,2,1,euclidean,euclidean,30,30,,,73.95,73.95,119
27,25,2,1,euclidean,euclidean,30,30,,,73.95,73.95,119
21,27,1,2,euclidean,euclidean,30,30,,,25.21,73.95,119
27,27,2,2,euclidean,euclidean,30,30,,,73.95,73.95,119
27,27,2,1,euclidean,euclidean,30,30,,,73.95,73.95,119
27,26,2,1,euclidean,euclidean,30,30,,,73.95,73.95,119
23,27,1,2,euclidean,euclidean,30,30,,,29.41,73.95,119
24,27,1,2,euclidean,euclidean,30,30,,,31.93,73.95,119
27,24,2,1,euclidean,euclidean,30,30,,,73.95,73.95,119
27,27,1,2,euclidean,euclidean,30,30,,,46.22,73.95,119
27,21,2,1,euclidean,euclidean,30,30,,,73.95,73.95,119
27,20,2,1,euclidean,euclidean,30,30,,,73.95,73.95,119
26,26,2,1,euclidean,euclidean,30,30,,,73.11,73.95,119
27,23,2,1,euclidean,euclidean,30,30,,,73.95,73.95,119
24,22,1,2,euclidean,euclidean,30,30,,,31.93,73.95,119
22,24,2,2,euclidean,euclidean,30,30,,,70.59,73.95,119
26,27,1,2,euclidean,euclidean,30,30,,,42.02,73.95,119
22,27,1,2,euclidean,euclidean,30,30,,,27.73,73.95,119
22,24,2,1,euclidean,euclidean,30,30,,,70.59,73.95,119
24,22,2,2,euclidean,euclidean,30,30,,,69.75,73.95,119
20,27,1,2,euclidean,euclidean,30,30,,,25.21,73.95,119
26,26,1,2,euclidean,euclidean,30,30,,,42.02,73.95,119
25,27,1,2,euclidean,euclidean,30,30,,,34.45,73.95,119
22,26,1,2,euclidean,euclidean,30,30,,,27.73,73.11,119
23,21,2,2,euclidean,euclidean,30,30,,,70.59,73.11,119
23,24,2,2,euclidean,euclidean,30,30,,,70.59,73.11,119
23,24,2,1,euclidean,euclidean,30,30,,,70.59,73.11,119
20,23,2,1,euclidean,euclidean,30,30,,,70.59,73.11,119
21,23,2,2,euclidean,euclidean,30,30,,,70.59,73.11,119
20,23,2,2,euclidean,euclidean,30,30,,,70.59,73.11,119
21,23,2,1,euclidean,euclidean,30,30,,,70.59,73.11,119
24,23,2,2,euclidean,euclidean,30,30,,,69.75,73.11,119
21,26,1,2,euclidean,euclidean,30,30,,,25.21,73.11,119
23,20,2,2,euclidean,euclidean,30,30,,,70.59,73.11,119
26,25,2,1,euclidean,euclidean,30,30,,,73.11,73.11,119
26,23,2,1,euclidean,euclidean,30,30,,,73.11,73.11,119
26,22,2,1,euclidean,euclidean,30,30,,,73.11,73.11,119
23,26,1,2,euclidean,euclidean,30,30,,,29.41,73.11,119
26,24,2,1,euclidean,euclidean,30,30,,,73.11,73.11,119
25,26,1,2,euclidean,euclidean,30,30,,,34.45,73.11,119
23,21,1,2,euclidean,euclidean,30,30,,,29.41,73.11,119
23,20,1,2,euclidean,euclidean,30,30,,,29.41,73.11,119
24,23,1,2,euclidean,euclidean,30,30,,,31.93,73.11,119
26,26,2,2,euclidean,euclidean,30,30,,,73.11,73.11,119
26,21,2,1,euclidean,euclidean,30,30,,,73.11,73.11,119
20,26,1,2,euclidean,euclidean,30,30,,,25.21,73.11,119
24,26,1,2,euclidean,euclidean,30,30,,,31.93,73.11,119
26,20,2,1,euclidean,euclidean,30,30,,,73.11,73.11,119
20,22,2,2,euclidean,euclidean,30,30,,,70.59,72.27,119
20,22,2,1,euclidean,euclidean,30,30,,,70.59,72.27,119
21,22,2,2,euclidean,euclidean,30,30,,,70.59,72.27,119
24,25,2,2,euclidean,euclidean,30,30,,,69.75,72.27,119
24,25,2,1,euclidean,euclidean,30,30,,,69.75,72.27,119
21,22,2,1,euclidean,euclidean,30,30,,,70.59,72.27,119
22,21,1,2,euclidean,euclidean,30,30,,,27.73,72.27,119
22,21,2,2,euclidean,euclidean,30,30,,,70.59,72.27,119
22,20,1,2,euclidean,euclidean,30,30,,,27.73,72.27,119
22,20,2,2,euclidean,euclidean,30,30,,,70.59,72.27,119
25,24,2,2,euclidean,euclidean,30,30,,,68.91,72.27,119
25,24,1,2,euclidean,euclidean,30,30,,,34.45,72.27,119
23,22,1,2,euclidean,euclidean,30,30,,,29.41,71.43,119
22,23,2,2,euclidean,euclidean,30,30,,,70.59,71.43,119
22,23,2,1,euclidean,euclidean,30,30,,,70.59,71.43,119
23,22,2,2,euclidean,euclidean,30,30,,,70.59,71.43,119
22,21,2,1,euclidean,euclidean,30,30,,,70.59,70.59,119
21,22,1,2,euclidean,euclidean,30,30,,,25.21,70.59,119
21,23,1,2,euclidean,euclidean,30,30,,,25.21,70.59,119
23,23,1,2,euclidean,euclidean,30,30,,,29.41,70.59,119
20,20,1,2,euclidean,euclidean,30,30,,,25.21,70.59,119
22,22,2,2,euclidean,euclidean,30,30,,,70.59,70.59,119
22,22,2,1,euclidean,euclidean,30,30,,,70.59,70.59,119
22,20,2,1,euclidean,euclidean,30,30,,,70.59,70.59,119
21,20,1,2,euclidean,euclidean,30,30,,,25.21,70.59,119
21,20,2,1,euclidean,euclidean,30,30,,,70.59,70.59,119
21,20,2,2,euclidean,euclidean,30,30,,,70.59,70.59,119
21,21,2,1,euclidean,euclidean,30,30,,,70.59,70.59,119
21,21,2,2,euclidean,euclidean,30,30,,,70.59,70.59,119
20,23,1,2,euclidean,euclidean,30,30,,,25.21,70.59,119
20,22,1,2,euclidean,euclidean,30,30,,,25.21,70.59,119
22,23,1,2,euclidean,euclidean,30,30,,,27.73,70.59,119
20,21,1,2,euclidean,euclidean,30,30,,,25.21,70.59,119
22,22,1,2,euclidean,euclidean,30,30,,,27.73,70.59,119
21,21,1,2,euclidean,euclidean,30,30,,,25.21,70.59,119
23,23,2,1,euclidean,euclidean,30,30,,,70.59,70.59,119
20,21,2,1,euclidean,euclidean,30,30,,,70.59,70.59,119
23,20,2,1,euclidean,euclidean,30,30,,,70.59,70.59,119
23,22,2,1,euclidean,euclidean,30,30,,,70.59,70.59,119
20,21,2,2,euclidean,euclidean,30,30,,,70.59,70.59,119
23,21,2,1,euclidean,euclidean,30,30,,,70.59,70.59,119
23,23,2,2,euclidean,euclidean,30,30,,,70.59,70.59,119
20,20,2,2,euclidean,euclidean,30,30,,,70.59,70.59,119
20,20,2,1,euclidean,euclidean,30,30,,,70.59,70.59,119
24,23,2,1,euclidean,euclidean,30,30,,,69.75,69.75,119
22,24,1,2,euclidean,euclidean,30,30,,,27.73,69.75,119
24,24,1,2,euclidean,euclidean,30,30,,,31.93,69.75,119
24,20,2,1,euclidean,euclidean,30,30,,,69.75,69.75,119
24,24,2,2,euclidean,euclidean,30,30,,,69.75,69.75,119
24,21,2,1,euclidean,euclidean,30,30,,,69.75,69.75,119
23,24,1,2,euclidean,euclidean,30,30,,,29.41,69.75,119
24,22,2,1,euclidean,euclidean,30,30,,,69.75,69.75,119
24,24,2,1,euclidean,euclidean,30,30,,,69.75,69.75,119
20,24,1,2,euclidean,euclidean,30,30,,,25.21,69.75,119
21,24,1,2,euclidean,euclidean,30,30,,,25.21,69.75,119
25,25,2,2,euclidean,euclidean,30,30,,,68.91,68.91,119
24,25,1,2,euclidean,euclidean,30,30,,,31.93,68.91,119
23,25,1,2,euclidean,euclidean,30,30,,,29.41,68.91,119
21,25,1,2,euclidean,euclidean,30,30,,,25.21,68.91,119
25,25,2,1,euclidean,euclidean,30,30,,,68.91,68.91,119
20,25,1,2,euclidean,euclidean,30,30,,,25.21,68.91,119
22,25,1,2,euclidean,euclidean,30,30,,,27.73,68.91,119
25,24,2,1,euclidean,euclidean,30,30,,,68.91,68.91,119
25,20,2,1,euclidean,euclidean,30,30,,,68.91,68.91,119
25,21,2,1,euclidean,euclidean,30,30,,,68.91,68.91,119
25,25,1,2,euclidean,euclidean,30,30,,,34.45,68.91,119
25,22,2,1,euclidean,euclidean,30,30,,,68.91,68.91,119
25,23,2,1,euclidean,euclidean,30,30,,,68.91,68.91,119
39,27,1,1,euclidean,euclidean,30,30,,,65.55,68.07,119
39,35,1,1,euclidean,euclidean,30,30,,,65.55,68.07,119
28,39,1,1,euclidean,euclidean,30,30,,,52.94,68.07,119
27,39,1,1,euclidean,euclidean,30,30,,,46.22,68.07,119
39,28,1,1,euclidean,euclidean,30,30,,,65.55,68.07,119
39,26,1,1,euclidean,euclidean,30,30,,,65.55,68.07,119
39,34,1,1,euclidean,euclidean,30,30,,,65.55,68.07,119
26,39,1,1,euclidean,euclidean,30,30,,,42.02,68.07,119
35,39,1,1,euclidean,euclidean,30,30,,,65.55,68.07,119
34,39,1,1,euclidean,euclidean,30,30,,,61.34,68.07,119
36,35,1,1,euclidean,euclidean,30,30,,,66.39,67.23,119
34,38,1,1,euclidean,euclidean,30,30,,,61.34,67.23,119
38,28,1,1,euclidean,euclidean,30,30,,,65.55,67.23,119
21,36,1,1,euclidean,euclidean,30,30,,,25.21,67.23,119
39,25,1,1,euclidean,euclidean,30,30,,,65.55,67.23,119
39,24,1,1,euclidean,euclidean,30,30,,,65.55,67.23,119
26,38,1,1,euclidean,euclidean,30,30,,,42.02,67.23,119
36,34,1,1,euclidean,euclidean,30,30,,,66.39,67.23,119
39,29,1,1,euclidean,euclidean,30,30,,,65.55,67.23,119
22,36,1,1,euclidean,euclidean,30,30,,,27.73,67.23,119
28,36,1,1,euclidean,euclidean,30,30,,,52.94,67.23,119
36,28,1,1,euclidean,euclidean,30,30,,,66.39,67.23,119
39,23,1,1,euclidean,euclidean,30,30,,,65.55,67.23,119
33,39,1,1,euclidean,euclidean,30,30,,,60.5,67.23,119
36,24,1,1,euclidean,euclidean,30,30,,,66.39,67.23,119
36,26,1,1,euclidean,euclidean,30,30,,,66.39,67.23,119
38,34,1,1,euclidean,euclidean,30,30,,,65.55,67.23,119
32,39,1,1,euclidean,euclidean,30,30,,,57.98,67.23,119
36,23,1,1,euclidean,euclidean,30,30,,,66.39,67.23,119
36,22,1,1,euclidean,euclidean,30,30,,,66.39,67.23,119
39,32,1,1,euclidean,euclidean,30,30,,,65.55,67.23,119
36,21,1,1,euclidean,euclidean,30,30,,,66.39,67.23,119
36,20,1,1,euclidean,euclidean,30,30,,,66.39,67.23,119
39,30,1,1,euclidean,euclidean,30,30,,,65.55,67.23,119
36,25,1,1,euclidean,euclidean,30,30,,,66.39,67.23,119
34,36,1,1,euclidean,euclidean,30,30,,,61.34,67.23,119
34,37,1,1,euclidean,euclidean,30,30,,,61.34,67.23,119
38,35,1,1,euclidean,euclidean,30,30,,,65.55,67.23,119
26,37,1,1,euclidean,euclidean,30,30,,,42.02,67.23,119
24,36,1,1,euclidean,euclidean,30,30,,,31.93,67.23,119
36,39,1,1,euclidean,euclidean,30,30,,,66.39,67.23,119
36,27,1,1,euclidean,euclidean,30,30,,,66.39,67.23,119
26,36,1,1,euclidean,euclidean,30,30,,,42.02,67.23,119
30,39,1,1,euclidean,euclidean,30,30,,,55.46,67.23,119
27,36,1,1,euclidean,euclidean,30,30,,,46.22,67.23,119
38,27,1,1,euclidean,euclidean,30,30,,,65.55,67.23,119
24,39,1,1,euclidean,euclidean,30,30,,,31.93,67.23,119
38,26,1,1,euclidean,euclidean,30,30,,,65.55,67.23,119
25,36,1,1,euclidean,euclidean,30,30,,,34.45,67.23,119
37,26,1,1,euclidean,euclidean,30,30,,,65.55,67.23,119
37,27,1,1,euclidean,euclidean,30,30,,,65.55,67.23,119
29,39,1,1,euclidean,euclidean,30,30,,,55.46,67.23,119
37,28,1,1,euclidean,euclidean,30,30,,,65.55,67.23,119
39,31,1,1,euclidean,euclidean,30,30,,,65.55,67.23,119
31,39,1,1,euclidean,euclidean,30,30,,,56.3,67.23,119
39,36,1,1,euclidean,euclidean,30,30,,,65.55,67.23,119
23,36,1,1,euclidean,euclidean,30,30,,,29.41,67.23,119
27,38,1,1,euclidean,euclidean,30,30,,,46.22,67.23,119
37,34,1,1,euclidean,euclidean,30,30,,,65.55,67.23,119
27,37,1,1,euclidean,euclidean,30,30,,,46.22,67.23,119
23,39,1,1,euclidean,euclidean,30,30,,,29.41,67.23,119
25,39,1,1,euclidean,euclidean,30,30,,,34.45,67.23,119
39,33,1,1,euclidean,euclidean,30,30,,,65.55,67.23,119
28,37,1,1,euclidean,euclidean,30,30,,,52.94,67.23,119
35,37,1,1,euclidean,euclidean,30,30,,,65.55,67.23,119
35,36,1,1,euclidean,euclidean,30,30,,,65.55,67.23,119
37,35,1,1,euclidean,euclidean,30,30,,,65.55,67.23,119
20,36,1,1,euclidean,euclidean,30,30,,,25.21,67.23,119
35,38,1,1,euclidean,euclidean,30,30,,,65.55,67.23,119
28,38,1,1,euclidean,euclidean,30,30,,,52.94,67.23,119
37,32,1,1,euclidean,euclidean,30,30,,,65.55,66.39,119
21,35,1,1,euclidean,euclidean,30,30,,,25.21,66.39,119
29,38,1,1,euclidean,euclidean,30,30,,,55.46,66.39,119
37,29,1,1,euclidean,euclidean,30,30,,,65.55,66.39,119
37,30,1,1,euclidean,euclidean,30,30,,,65.55,66.39,119
38,23,1,1,euclidean,euclidean,30,30,,,65.55,66.39,119
38,33,1,1,euclidean,euclidean,30,30,,,65.55,66.39,119
37,31,1,1,euclidean,euclidean,30,30,,,65.55,66.39,119
20,39,1,1,euclidean,euclidean,30,30,,,25.21,66.39,119
36,37,1,1,euclidean,euclidean,30,30,,,66.39,66.39,119
38,22,1,1,euclidean,euclidean,30,30,,,65.55,66.39,119
38,24,1,1,euclidean,euclidean,30,30,,,65.55,66.39,119
36,38,1,1,euclidean,euclidean,30,30,,,66.39,66.39,119
29,36,1,1,euclidean,euclidean,30,30,,,55.46,66.39,119
38,25,1,1,euclidean,euclidean,30,30,,,65.55,66.39,119
29,37,1,1,euclidean,euclidean,30,30,,,55.46,66.39,119
20,37,1,1,euclidean,euclidean,30,30,,,25.21,66.39,119
38,36,1,1,euclidean,euclidean,30,30,,,65.55,66.39,119
37,33,1,1,euclidean,euclidean,30,30,,,65.55,66.39,119
21,37,1,1,euclidean,euclidean,30,30,,,25.21,66.39,119
38,32,1,1,euclidean,euclidean,30,30,,,65.55,66.39,119
37,36,1,1,euclidean,euclidean,30,30,,,65.55,66.39,119
38,20,1,1,euclidean,euclidean,30,30,,,65.55,66.39,119
38,21,1,1,euclidean,euclidean,30,30,,,65.55,66.39,119
37,20,1,1,euclidean,euclidean,30,30,,,65.55,66.39,119
21,38,1,1,euclidean,euclidean,30,30,,,25.21,66.39,119
38,29,1,1,euclidean,euclidean,30,30,,,65.55,66.39,119
21,39,1,1,euclidean,euclidean,30,30,,,25.21,66.39,119
39,21,1,1,euclidean,euclidean,30,30,,,65.55,66.39,119
38,39,1,1,euclidean,euclidean,30,30,,,65.55,66.39,119
37,21,1,1,euclidean,euclidean,30,30,,,65.55,66.39,119
38,30,1,1,euclidean,euclidean,30,30,,,65.55,66.39,119
20,35,1,1,euclidean,euclidean,30,30,,,25.21,66.39,119
37,39,1,1,euclidean,euclidean,30,30,,,65.55,66.39,119
20,38,1,1,euclidean,euclidean,30,30,,,25.21,66.39,119
27,35,1,1,euclidean,euclidean,30,30,,,46.22,66.39,119
38,31,1,1,euclidean,euclidean,30,30,,,65.55,66.39,119
37,23,1,1,euclidean,euclidean,30,30,,,65.55,66.39,119
39,20,1,1,euclidean,euclidean,30,30,,,65.55,66.39,119
37,24,1,1,euclidean,euclidean,30,30,,,65.55,66.39,119
28,35,1,1,euclidean,euclidean,30,30,,,52.94,66.39,119
37,25,1,1,euclidean,euclidean,30,30,,,65.55,66.39,119
37,22,1,1,euclidean,euclidean,30,30,,,65.55,66.39,119
39,22,1,1,euclidean,euclidean,30,30,,,65.55,66.39,119
35,28,1,1,euclidean,euclidean,30,30,,,65.55,66.39,119
31,37,1,1,euclidean,euclidean,30,30,,,56.3,66.39,119
32,37,1,1,euclidean,euclidean,30,30,,,57.98,66.39,119
22,39,1,1,euclidean,euclidean,30,30,,,27.73,66.39,119
32,36,1,1,euclidean,euclidean,30,30,,,57.98,66.39,119
25,38,1,1,euclidean,euclidean,30,30,,,34.45,66.39,119
24,35,1,1,euclidean,euclidean,30,30,,,31.93,66.39,119
23,38,1,1,euclidean,euclidean,30,30,,,29.41,66.39,119
23,37,1,1,euclidean,euclidean,30,30,,,29.41,66.39,119
31,38,1,1,euclidean,euclidean,30,30,,,56.3,66.39,119
24,38,1,1,euclidean,euclidean,30,30,,,31.93,66.39,119
31,36,1,1,euclidean,euclidean,30,30,,,56.3,66.39,119
22,38,1,1,euclidean,euclidean,30,30,,,27.73,66.39,119
23,35,1,1,euclidean,euclidean,30,30,,,29.41,66.39,119
39,37,1,1,euclidean,euclidean,30,30,,,65.55,66.39,119
35,20,1,1,euclidean,euclidean,30,30,,,65.55,66.39,119
39,38,1,1,euclidean,euclidean,30,30,,,65.55,66.39,119
35,21,1,1,euclidean,euclidean,30,30,,,65.55,66.39,119
35,22,1,1,euclidean,euclidean,30,30,,,65.55,66.39,119
35,23,1,1,euclidean,euclidean,30,30,,,65.55,66.39,119
35,24,1,1,euclidean,euclidean,30,30,,,65.55,66.39,119
35,27,1,1,euclidean,euclidean,30,30,,,65.55,66.39,119
35,25,1,1,euclidean,euclidean,30,30,,,65.55,66.39,119
33,38,1,1,euclidean,euclidean,30,30,,,60.5,66.39,119
22,37,1,1,euclidean,euclidean,30,30,,,27.73,66.39,119
30,38,1,1,euclidean,euclidean,30,30,,,55.46,66.39,119
36,33,1,1,euclidean,euclidean,30,30,,,66.39,66.39,119
24,37,1,1,euclidean,euclidean,30,30,,,31.93,66.39,119
36,32,1,1,euclidean,euclidean,30,30,,,66.39,66.39,119
36,31,1,1,euclidean,euclidean,30,30,,,66.39,66.39,119
36,30,1,1,euclidean,euclidean,30,30,,,66.39,66.39,119
36,29,1,1,euclidean,euclidean,30,30,,,66.39,66.39,119
30,36,1,1,euclidean,euclidean,30,30,,,55.46,66.39,119
22,35,1,1,euclidean,euclidean,30,30,,,27.73,66.39,119
30,37,1,1,euclidean,euclidean,30,30,,,55.46,66.39,119
35,26,1,1,euclidean,euclidean,30,30,,,65.55,66.39,119
26,35,1,1,euclidean,euclidean,30,30,,,42.02,66.39,119
36,36,1,1,euclidean,euclidean,30,30,,,66.39,66.39,119
25,35,1,1,euclidean,euclidean,30,30,,,34.45,66.39,119
33,36,1,1,euclidean,euclidean,30,30,,,60.5,66.39,119
25,37,1,1,euclidean,euclidean,30,30,,,34.45,66.39,119
33,37,1,1,euclidean,euclidean,30,30,,,60.5,66.39,119
32,38,1,1,euclidean,euclidean,30,30,,,57.98,66.39,119
29,35,1,1,euclidean,euclidean,30,30,,,55.46,65.55,119
37,38,1,1,euclidean,euclidean,30,30,,,65.55,65.55,119
34,35,1,1,euclidean,euclidean,30,30,,,61.34,65.55,119
38,37,1,1,euclidean,euclidean,30,30,,,65.55,65.55,119
38,38,1,1,euclidean,euclidean,30,30,,,65.55,65.55,119
39,39,1,1,euclidean,euclidean,30,30,,,65.55,65.55,119
31,35,1,1,euclidean,euclidean,30,30,,,56.3,65.55,119
37,37,1,1,euclidean,euclidean,30,30,,,65.55,65.55,119
32,35,1,1,euclidean,euclidean,30,30,,,57.98,65.55,119
33,35,1,1,euclidean,euclidean,30,30,,,60.5,65.55,119
35,29,1,1,euclidean,euclidean,30,30,,,65.55,65.55,119
35,30,1,1,euclidean,euclidean,30,30,,,65.55,65.55,119
35,31,1,1,euclidean,euclidean,30,30,,,65.55,65.55,119
35,35,1,1,euclidean,euclidean,30,30,,,65.55,65.55,119
30,35,1,1,euclidean,euclidean,30,30,,,55.46,65.55,119
35,32,1,1,euclidean,euclidean,30,30,,,65.55,65.55,119
35,33,1,1,euclidean,euclidean,30,30,,,65.55,65.55,119
35,34,1,1,euclidean,euclidean,30,30,,,65.55,65.55,119
34,25,1,1,euclidean,euclidean,30,30,,,61.34,62.18,119
21,34,1,1,euclidean,euclidean,30,30,,,25.21,62.18,119
22,34,1,1,euclidean,euclidean,30,30,,,27.73,62.18,119
24,34,1,1,euclidean,euclidean,30,30,,,31.93,62.18,119
25,34,1,1,euclidean,euclidean,30,30,,,34.45,62.18,119
28,34,1,1,euclidean,euclidean,30,30,,,52.94,62.18,119
34,27,1,1,euclidean,euclidean,30,30,,,61.34,62.18,119
26,34,1,1,euclidean,euclidean,30,30,,,42.02,62.18,119
27,34,1,1,euclidean,euclidean,30,30,,,46.22,62.18,119
20,34,1,1,euclidean,euclidean,30,30,,,25.21,62.18,119
34,28,1,1,euclidean,euclidean,30,30,,,61.34,62.18,119
23,34,1,1,euclidean,euclidean,30,30,,,29.41,62.18,119
34,24,1,1,euclidean,euclidean,30,30,,,61.34,62.18,119
34,23,1,1,euclidean,euclidean,30,30,,,61.34,62.18,119
34,22,1,1,euclidean,euclidean,30,30,,,61.34,62.18,119
34,21,1,1,euclidean,euclidean,30,30,,,61.34,62.18,119
34,20,1,1,euclidean,euclidean,30,30,,,61.34,62.18,119
34,26,1,1,euclidean,euclidean,30,30,,,61.34,62.18,119
33,34,1,1,euclidean,euclidean,30,30,,,60.5,61.34,119
28,33,1,1,euclidean,euclidean,30,30,,,52.94,61.34,119
34,29,1,1,euclidean,euclidean,30,30,,,61.34,61.34,119
27,33,1,1,euclidean,euclidean,30,30,,,46.22,61.34,119
34,30,1,1,euclidean,euclidean,30,30,,,61.34,61.34,119
33,25,1,1,euclidean,euclidean,30,30,,,60.5,61.34,119
32,34,1,1,euclidean,euclidean,30,30,,,57.98,61.34,119
34,32,1,1,euclidean,euclidean,30,30,,,61.34,61.34,119
33,28,1,1,euclidean,euclidean,30,30,,,60.5,61.34,119
24,33,1,1,euclidean,euclidean,30,30,,,31.93,61.34,119
33,27,1,1,euclidean,euclidean,30,30,,,60.5,61.34,119
20,33,1,1,euclidean,euclidean,30,30,,,25.21,61.34,119
33,26,1,1,euclidean,euclidean,30,30,,,60.5,61.34,119
34,31,1,1,euclidean,euclidean,30,30,,,61.34,61.34,119
30,34,1,1,euclidean,euclidean,30,30,,,55.46,61.34,119
33,23,1,1,euclidean,euclidean,30,30,,,60.5,61.34,119
31,34,1,1,euclidean,euclidean,30,30,,,56.3,61.34,119
33,22,1,1,euclidean,euclidean,30,30,,,60.5,61.34,119
23,33,1,1,euclidean,euclidean,30,30,,,29.41,61.34,119
25,33,1,1,euclidean,euclidean,30,30,,,34.45,61.34,119
21,33,1,1,euclidean,euclidean,30,30,,,25.21,61.34,119
33,24,1,1,euclidean,euclidean,30,30,,,60.5,61.34,119
22,33,1,1,euclidean,euclidean,30,30,,,27.73,61.34,119
29,34,1,1,euclidean,euclidean,30,30,,,55.46,61.34,119
34,34,1,1,euclidean,euclidean,30,30,,,61.34,61.34,119
33,21,1,1,euclidean,euclidean,30,30,,,60.5,61.34,119
34,33,1,1,euclidean,euclidean,30,30,,,61.34,61.34,119
33,20,1,1,euclidean,euclidean,30,30,,,60.5,61.34,119
26,33,1,1,euclidean,euclidean,30,30,,,42.02,61.34,119
31,33,1,1,euclidean,euclidean,30,30,,,56.3,60.5,119
33,29,1,1,euclidean,euclidean,30,30,,,60.5,60.5,119
32,33,1,1,euclidean,euclidean,30,30,,,57.98,60.5,119
33,31,1,1,euclidean,euclidean,30,30,,,60.5,60.5,119
33,30,1,1,euclidean,euclidean,30,30,,,60.5,60.5,119
30,33,1,1,euclidean,euclidean,30,30,,,55.46,60.5,119
33,33,1,1,euclidean,euclidean,30,30,,,60.5,60.5,119
29,33,1,1,euclidean,euclidean,30,30,,,55.46,60.5,119
33,32,1,1,euclidean,euclidean,30,30,,,60.5,60.5,119
26,32,1,1,euclidean,euclidean,30,30,,,42.02,58.82,119
32,27,1,1,euclidean,euclidean,30,30,,,57.98,58.82,119
28,32,1,1,euclidean,euclidean,30,30,,,52.94,58.82,119
22,32,1,1,euclidean,euclidean,30,30,,,27.73,58.82,119
21,32,1,1,euclidean,euclidean,30,30,,,25.21,58.82,119
24,32,1,1,euclidean,euclidean,30,30,,,31.93,58.82,119
32,22,1,1,euclidean,euclidean,30,30,,,57.98,58.82,119
20,32,1,1,euclidean,euclidean,30,30,,,25.21,58.82,119
32,25,1,1,euclidean,euclidean,30,30,,,57.98,58.82,119
32,21,1,1,euclidean,euclidean,30,30,,,57.98,58.82,119
27,32,1,1,euclidean,euclidean,30,30,,,46.22,58.82,119
25,32,1,1,euclidean,euclidean,30,30,,,34.45,58.82,119
32,20,1,1,euclidean,euclidean,30,30,,,57.98,58.82,119
32,23,1,1,euclidean,euclidean,30,30,,,57.98,58.82,119
32,24,1,1,euclidean,euclidean,30,30,,,57.98,58.82,119
23,32,1,1,euclidean,euclidean,30,30,,,29.41,58.82,119
32,28,1,1,euclidean,euclidean,30,30,,,57.98,58.82,119
32,26,1,1,euclidean,euclidean,30,30,,,57.98,58.82,119
32,32,1,1,euclidean,euclidean,30,30,,,57.98,57.98,119
31,32,1,1,euclidean,euclidean,30,30,,,56.3,57.98,119
29,32,1,1,euclidean,euclidean,30,30,,,55.46,57.98,119
30,32,1,1,euclidean,euclidean,30,30,,,55.46,57.98,119
32,29,1,1,euclidean,euclidean,30,30,,,57.98,57.98,119
32,30,1,1,euclidean,euclidean,30,30,,,57.98,57.98,119
32,31,1,1,euclidean,euclidean,30,30,,,57.98,57.98,119
28,31,1,1,euclidean,euclidean,30,30,,,52.94,57.14,119
27,31,1,1,euclidean,euclidean,30,30,,,46.22,57.14,119
31,26,1,1,euclidean,euclidean,30,30,,,56.3,57.14,119
22,31,1,1,euclidean,euclidean,30,30,,,27.73,57.14,119
24,31,1,1,euclidean,euclidean,30,30,,,31.93,57.14,119
25,31,1,1,euclidean,euclidean,30,30,,,34.45,57.14,119
31,20,1,1,euclidean,euclidean,30,30,,,56.3,57.14,119
26,31,1,1,euclidean,euclidean,30,30,,,42.02,57.14,119
31,21,1,1,euclidean,euclidean,30,30,,,56.3,57.14,119
31,22,1,1,euclidean,euclidean,30,30,,,56.3,57.14,119
31,23,1,1,euclidean,euclidean,30,30,,,56.3,57.14,119
31,27,1,1,euclidean,euclidean,30,30,,,56.3,57.14,119
20,31,1,1,euclidean,euclidean,30,30,,,25.21,57.14,119
31,24,1,1,euclidean,euclidean,30,30,,,56.3,57.14,119
23,31,1,1,euclidean,euclidean,30,30,,,29.41,57.14,119
31,25,1,1,euclidean,euclidean,30,30,,,56.3,57.14,119
21,31,1,1,euclidean,euclidean,30,30,,,25.21,57.14,119
31,28,1,1,euclidean,euclidean,30,30,,,56.3,57.14,119
30,20,1,1,euclidean,euclidean,30,30,,,55.46,56.3,119
31,31,1,1,euclidean,euclidean,30,30,,,56.3,56.3,119
29,22,1,1,euclidean,euclidean,30,30,,,55.46,56.3,119
29,20,1,1,euclidean,euclidean,30,30,,,55.46,56.3,119
28,30,1,1,euclidean,euclidean,30,30,,,52.94,56.3,119
28,29,1,1,euclidean,euclidean,30,30,,,52.94,56.3,119
24,30,1,1,euclidean,euclidean,30,30,,,31.93,56.3,119
27,30,1,1,euclidean,euclidean,30,30,,,46.22,56.3,119
27,29,1,1,euclidean,euclidean,30,30,,,46.22,56.3,119
20,29,1,1,euclidean,euclidean,30,30,,,25.21,56.3,119
20,30,1,1,euclidean,euclidean,30,30,,,25.21,56.3,119
21,29,1,1,euclidean,euclidean,30,30,,,25.21,56.3,119
21,30,1,1,euclidean,euclidean,30,30,,,25.21,56.3,119
26,30,1,1,euclidean,euclidean,30,30,,,42.02,56.3,119
26,29,1,1,euclidean,euclidean,30,30,,,42.02,56.3,119
22,29,1,1,euclidean,euclidean,30,30,,,27.73,56.3,119
22,30,1,1,euclidean,euclidean,30,30,,,27.73,56.3,119
23,29,1,1,euclidean,euclidean,30,30,,,29.41,56.3,119
23,30,1,1,euclidean,euclidean,30,30,,,29.41,56.3,119
25,30,1,1,euclidean,euclidean,30,30,,,34.45,56.3,119
25,29,1,1,euclidean,euclidean,30,30,,,34.45,56.3,119
31,30,1,1,euclidean,euclidean,30,30,,,56.3,56.3,119
29,21,1,1,euclidean,euclidean,30,30,,,55.46,56.3,119
24,29,1,1,euclidean,euclidean,30,30,,,31.93,56.3,119
29,23,1,1,euclidean,euclidean,30,30,,,55.46,56.3,119
30,28,1,1,euclidean,euclidean,30,30,,,55.46,56.3,119
30,23,1,1,euclidean,euclidean,30,30,,,55.46,56.3,119
30,22,1,1,euclidean,euclidean,30,30,,,55.46,56.3,119
29,24,1,1,euclidean,euclidean,30,30,,,55.46,56.3,119
30,21,1,1,euclidean,euclidean,30,30,,,55.46,56.3,119
29,31,1,1,euclidean,euclidean,30,30,,,55.46,56.3,119
30,26,1,1,euclidean,euclidean,30,30,,,55.46,56.3,119
30,27,1,1,euclidean,euclidean,30,30,,,55.46,56.3,119
30,25,1,1,euclidean,euclidean,30,30,,,55.46,56.3,119
30,24,1,1,euclidean,euclidean,30,30,,,55.46,56.3,119
29,28,1,1,euclidean,euclidean,30,30,,,55.46,56.3,119
30,31,1,1,euclidean,euclidean,30,30,,,55.46,56.3,119
31,29,1,1,euclidean,euclidean,30,30,,,56.3,56.3,119
29,27,1,1,euclidean,euclidean,30,30,,,55.46,56.3,119
29,26,1,1,euclidean,euclidean,30,30,,,55.46,56.3,119
29,25,1,1,euclidean,euclidean,30,30,,,55.46,56.3,119
30,29,1,1,euclidean,euclidean,30,30,,,55.46,55.46,119
30,30,1,1,euclidean,euclidean,30,30,,,55.46,55.46,119
29,29,1,1,euclidean,euclidean,30,30,,,55.46,55.46,119
29,30,1,1,euclidean,euclidean,30,30,,,55.46,55.46,119
25,28,1,1,euclidean,euclidean,30,30,,,34.45,52.94,119
22,28,1,1,euclidean,euclidean,30,30,,,27.73,52.94,119
24,28,1,1,euclidean,euclidean,30,30,,,31.93,52.94,119
26,28,1,1,euclidean,euclidean,30,30,,,42.02,52.94,119
23,28,1,1,euclidean,euclidean,30,30,,,29.41,52.94,119
28,23,1,1,euclidean,euclidean,30,30,,,52.94,52.94,119
21,28,1,1,euclidean,euclidean,30,30,,,25.21,52.94,119
20,28,1,1,euclidean,euclidean,30,30,,,25.21,52.94,119
27,28,1,1,euclidean,euclidean,30,30,,,46.22,52.94,119
28,20,1,1,euclidean,euclidean,30,30,,,52.94,52.94,119
28,21,1,1,euclidean,euclidean,30,30,,,52.94,52.94,119
28,22,1,1,euclidean,euclidean,30,30,,,52.94,52.94,119
28,24,1,1,euclidean,euclidean,30,30,,,52.94,52.94,119
28,25,1,1,euclidean,euclidean,30,30,,,52.94,52.94,119
28,26,1,1,euclidean,euclidean,30,30,,,52.94,52.94,119
28,27,1,1,euclidean,euclidean,30,30,,,52.94,52.94,119
28,28,1,1,euclidean,euclidean,30,30,,,52.94,52.94,119
22,27,1,1,euclidean,euclidean,30,30,,,27.73,46.22,119
20,27,1,1,euclidean,euclidean,30,30,,,25.21,46.22,119
23,27,1,1,euclidean,euclidean,30,30,,,29.41,46.22,119
24,27,1,1,euclidean,euclidean,30,30,,,31.93,46.22,119
21,27,1,1,euclidean,euclidean,30,30,,,25.21,46.22,119
25,27,1,1,euclidean,euclidean,30,30,,,34.45,46.22,119
27,22,1,1,euclidean,euclidean,30,30,,,46.22,46.22,119
26,27,1,1,euclidean,euclidean,30,30,,,42.02,46.22,119
27,27,1,1,euclidean,euclidean,30,30,,,46.22,46.22,119
27,26,1,1,euclidean,euclidean,30,30,,,46.22,46.22,119
27,20,1,1,euclidean,euclidean,30,30,,,46.22,46.22,119
27,21,1,1,euclidean,euclidean,30,30,,,46.22,46.22,119
27,25,1,1,euclidean,euclidean,30,30,,,46.22,46.22,119
27,24,1,1,euclidean,euclidean,30,30,,,46.22,46.22,119
27,23,1,1,euclidean,euclidean,30,30,,,46.22,46.22,119
26,21,1,1,euclidean,euclidean,30,30,,,42.02,42.02,119
26,26,1,1,euclidean,euclidean,30,30,,,42.02,42.02,119
23,26,1,1,euclidean,euclidean,30,30,,,29.41,42.02,119
26,23,1,1,euclidean,euclidean,30,30,,,42.02,42.02,119
26,22,1,1,euclidean,euclidean,30,30,,,42.02,42.02,119
22,26,1,1,euclidean,euclidean,30,30,,,27.73,42.02,119
26,20,1,1,euclidean,euclidean,30,30,,,42.02,42.02,119
26,25,1,1,euclidean,euclidean,30,30,,,42.02,42.02,119
21,26,1,1,euclidean,euclidean,30,30,,,25.21,42.02,119
24,26,1,1,euclidean,euclidean,30,30,,,31.93,42.02,119
25,26,1,1,euclidean,euclidean,30,30,,,34.45,42.02,119
20,26,1,1,euclidean,euclidean,30,30,,,25.21,42.02,119
26,24,1,1,euclidean,euclidean,30,30,,,42.02,42.02,119
21,25,1,1,euclidean,euclidean,30,30,,,25.21,34.45,119
22,25,1,1,euclidean,euclidean,30,30,,,27.73,34.45,119
25,21,1,1,euclidean,euclidean,30,30,,,34.45,34.45,119
20,25,1,1,euclidean,euclidean,30,30,,,25.21,34.45,119
25,22,1,1,euclidean,euclidean,30,30,,,34.45,34.45,119
25,20,1,1,euclidean,euclidean,30,30,,,34.45,34.45,119
25,23,1,1,euclidean,euclidean,30,30,,,34.45,34.45,119
25,24,1,1,euclidean,euclidean,30,30,,,34.45,34.45,119
25,25,1,1,euclidean,euclidean,30,30,,,34.45,34.45,119
23,25,1,1,euclidean,euclidean,30,30,,,29.41,34.45,119
24,25,1,1,euclidean,euclidean,30,30,,,31.93,34.45,119
21,24,1,1,euclidean,euclidean,30,30,,,25.21,31.93,119
24,24,1,1,euclidean,euclidean,30,30,,,31.93,31.93,119
20,24,1,1,euclidean,euclidean,30,30,,,25.21,31.93,119
22,24,1,1,euclidean,euclidean,30,30,,,27.73,31.93,119
23,24,1,1,euclidean,euclidean,30,30,,,29.41,31.93,119
24,20,1,1,euclidean,euclidean,30,30,,,31.93,31.93,119
24,21,1,1,euclidean,euclidean,30,30,,,31.93,31.93,119
24,22,1,1,euclidean,euclidean,30,30,,,31.93,31.93,119
24,23,1,1,euclidean,euclidean,30,30,,,31.93,31.93,119
20,23,1,1,euclidean,euclidean,30,30,,,25.21,29.41,119
23,20,1,1,euclidean,euclidean,30,30,,,29.41,29.41,119
21,23,1,1,euclidean,euclidean,30,30,,,25.21,29.41,119
23,21,1,1,euclidean,euclidean,30,30,,,29.41,29.41,119
22,23,1,1,euclidean,euclidean,30,30,,,27.73,29.41,119
23,23,1,1,euclidean,euclidean,30,30,,,29.41,29.41,119
23,22,1,1,euclidean,euclidean,30,30,,,29.41,29.41,119
21,22,1,1,euclidean,euclidean,30,30,,,25.21,27.73,119
22,20,1,1,euclidean,euclidean,30,30,,,27.73,27.73,119
22,21,1,1,euclidean,euclidean,30,30,,,27.73,27.73,119
22,22,1,1,euclidean,euclidean,30,30,,,27.73,27.73,119
20,22,1,1,euclidean,euclidean,30,30,,,25.21,27.73,119
21,21,1,1,euclidean,euclidean,30,30,,,25.21,25.21,119
21,20,1,1,euclidean,euclidean,30,30,,,25.21,25.21,119
20,21,1,1,euclidean,euclidean,30,30,,,25.21,25.21,119
20,20,1,1,euclidean,euclidean,30,30,,,25.21,25.21,119
